ts	phase	decision	why	evidence	result
2026-09-15T19:39:00Z	frame	Use five graph-first discovery slices followed by fresh falsification review	The user requested roughly 50 specific issues grouped for parallel execution	COVERAGE.csv	Five disjoint slices; workers write only their own scratch reports
2026-09-15T19:45:00Z	compatibility	Allow justified coordinated breaking changes in the plan	The user explicitly selected this option; require caller and persisted-format migration details	User reply in this planning turn; WORK_PACKAGES.csv migration_gate	Accepted; no production migration authorized
2026-09-15T19:46:00Z	baseline	Keep datasets, binaries, machine-local MCP settings, and raw audit scratch out of the baseline	Remote needs reusable source and tools rather than local data	.gitignore	Verified staged file list
2026-09-15T19:46:00Z	verification	Run the existing full Go suite, UI tests/build, and isolated browser workflow	The pushed baseline needs executable evidence before new worktrees branch from it	BASELINE.json; .artifacts/loom-dev/mu32yqal-7d728b7e/report.json	Go suite passed; 4 dev-tool tests passed; 103 UI tests passed; build passed; 20 browser assertions passed
2026-09-15T19:47:00Z	baseline	Push the reviewed baseline to a new planning branch without touching main	A stable source SHA is needed for issue evidence and future worktrees	3af5e2a7c1f47c104b601f92d7e517b265671bfd	Remote ls-remote matches local HEAD
2026-09-15T20:04:00Z	review	Reject false activation-fence and stale-output claims; narrow retention and identity claims	Source and call sites contradicted the broader discovery wording	REJECTED.csv C01 C13 C14; ISSUES.csv C02 C03 C07 C09	Retain operational work without claiming reader-visible corruption
2026-09-15T20:04:00Z	aggregation	Consolidate compiler/publication losslessness into ARC-B05	A14 and B05 describe the same cross-layer proof obligation; count it once	ISSUES.csv ARC-B05; REJECTED.csv A14	One reproduction-gated issue with compiler and Explorer participation
2026-09-15T20:04:00Z	planning	Use seven work packages in three dependency waves and reserve integration files	Parallel edits need disjoint ownership and a defined shared-contract writer	WORK_PACKAGES.csv; README.md	Four first-wave packages; Explorer/API second; frontend migration third
2026-09-15T20:04:00Z	artifacts	Use canonical Git-tracked CSV execution tables	The spreadsheet export runtime is unavailable; the existing audit uses CSV	ISSUES.csv; WORK_PACKAGES.csv	No formatted XLSX promised; no duplicate status source
2026-09-15T20:11:00Z	final-review	Remove ARC-C07 catalog edit target and enforce issue-level ownership	The Sol review found one issue target outside its same-wave worker scope	ARC-C07; scripts/validate_architecture_plan.py; scripts/test_validate_architecture_plan.py	Publication identity work remains in publication; source-only catalog reference retained
2026-09-15T20:11:00Z	verification	Check frozen source references and test the plan validator against invalid tables	Two oversized source ranges were caught and corrected; missing-test placeholders were replaced with runnable existing suites	validate_architecture_plan.py; ISSUE test_to_add fields	64 issues; 7 WPs; 3 waves; 5 reproduction gates; validator passes
2026-09-15T20:11:00Z	graph	Recover the interrupted GitNexus refresh with its supported normal analysis	Initial refresh could not write registry and left incremental recovery pending; repair required recovery first	gitnexus analyze . --index-only	Full graph and keyword-index rebuild succeeded in 49.3 seconds; follow-up query succeeded; partial flow warnings retained
2026-09-15T20:13:00Z	verification	Accept the final ownership correction after executable negative tests	The review found a missing validator invariant, now covered together with package-completion state	scripts/test_validate_architecture_plan.py	All 10 tests passed, including invalid target ownership, duplicate IDs, dependency cycle, parallel collision, source ranges, baseline mismatch, reproduction status and completion evidence
