candidate_id,claim,disposition,reason,correction,source_refs,base_sha
A14,Child scalar projection can silently apply FIRST while the output contract remains lossless,consolidated,"The compiler-to-publication losslessness concern is one cross-layer work item with B05, not a second independently counted defect. Explicit FIRST is intentional; truthful public losslessness needs reproduction.",Execute with ARC-B05 across WP01 and WP05 after the repeated-field/multi-related-record fixture.,internal/dataframe/semantic/selection_semantics.go:120-136; internal/dataframe/spec/selector_validation.go:10-45; internal/dataframe/compiler/render/aql/selectors.go:79-88; internal/dataframe/compiler/render/aql/navigation_render.go:257-277; internal/dataframe/semantic/recipe_projection.go:89-103; docs/EXPLORER_BACKLOG.md:35-42,3af5e2a7c1f47c104b601f92d7e517b265671bfd
A-discovery-reject,All duplicated helpers in the recipe dynamic-column lowerer are separate architecture defects.,rejected-in-discovery,The dynamic item lowerer has a narrower lexical scope than ordinary recipe expression lowering; source inspection did not prove an observable policy mismatch. Kept out rather than padding the candidate list.,No work scheduled.,internal/dataframe/compiler/lower/recipe_dynamic_columns.go:181-260; internal/dataframe/compiler/lower/recipe_expression_lowering.go:1-120,3af5e2a7c1f47c104b601f92d7e517b265671bfd
A-discovery-reject,Generic conformance generated-route tests prove incorrect renderer behavior.,rejected-in-discovery,"The tests explicitly describe themselves as broad compile-shape coverage and do not claim live backend proof. This is a verification gap, not enough source evidence for a distinct compiler policy issue in this slice.",No work scheduled.,conformance/compiler/generated_semantics_coverage_test.go:18-58; conformance/compiler/physical_plan_cost_test.go:10-13,3af5e2a7c1f47c104b601f92d7e517b265671bfd
B13,Suggestions endpoint ignores the capability suggestion limit,rejected,"ProjectionPolicy.SuggestionLimit is applied in capability.Builder to each FieldObservation's SuggestedValues, setting SuggestionsTruncated/Complete. lifecycle.Suggestions returns matching CatalogCandidate definitions, not SuggestedValues, and its documented endpoint is candidate search; the CatalogSnapshot type does not carry the projection limit. Thus returning all matching candidates is not an observed violation of the declared suggestion-value limit, and imposing that limit would silently truncate a different API contract.","Remove B13 as stated. If candidate search needs an independent response bound, define a separate CandidateSearchLimit/paging contract and verify transport compatibility; do not reuse Projection.SuggestionLimit.",internal/explorer/capability/domain.go:104-108; internal/explorer/capability/builder.go:147-149; internal/explorer/capability/builder.go:267-268; internal/explorer/lifecycle/query.go:76-95,3af5e2a7c1f47c104b601f92d7e517b265671bfd
B-discovery-reject,Arango InsertRevision overwrites immutable revision content on retry.,rejected-in-discovery,"The AQL uses UPDATE {} and therefore leaves an existing document unchanged; the supported issue is silent acceptance without content comparison, recorded as B01.",No work scheduled.,internal/explorer/arango/revisions.go:20,3af5e2a7c1f47c104b601f92d7e517b265671bfd
B-discovery-reject,The current local writeback implementation is non-atomic.,rejected-in-discovery,"It writes, syncs, closes, and renames a temporary file atomically. The concrete issue is singleton routing/ignored ExplorerID, recorded as B03.",No work scheduled.,internal/server/local_workspace_writeback.go:40-70,3af5e2a7c1f47c104b601f92d7e517b265671bfd
B-discovery-reject,A missing default Builder workspace is invalid state.,rejected-in-discovery,The code and comments intentionally model unpublished Explorers as NEW with null workspace and hydrate a valid empty editor; no issue recorded.,No work scheduled.,internal/explorer/lifecycle/query.go:98-135; internal/explorer/service.go:134-143,3af5e2a7c1f47c104b601f92d7e517b265671bfd
B-discovery-reject,Capability snapshots are mutable on every retry.,rejected-in-discovery,"The capability repository uses insert-ignore and canonical token comparison; source evidence supports immutable snapshots, so no candidate recorded.",No work scheduled.,internal/explorer/arango/capability_snapshot_store.go:27-84,3af5e2a7c1f47c104b601f92d7e517b265671bfd
C01,Legacy generation activation overwrites the active pointer without a compare-and-swap,rejected,"The query does not compare an application-supplied generation token, but it updates the DOCUMENT(@active_key) object with OPTIONS {ignoreRevs: false}. Arango uses the document _rev carried by that object as an optimistic concurrency check, so a concurrent pointer update should produce a revision conflict rather than silently overwrite it. The idempotency read is intentionally separate and can remain a benign retry path.","Remove the claim that activation silently overwrites the pointer. If the contract requires a typed ErrActivationConflict, normalize Arango revision-conflict errors and add an Arango-backed concurrent activation test; do not add a second token without proving the existing _rev fence is insufficient.",internal/dataset/arango/manifest_lifecycle.go:183; internal/dataset/arango/manifest_lifecycle.go:318,3af5e2a7c1f47c104b601f92d7e517b265671bfd
C13,Arango storage adapters duplicate JSON round-trip and legacy-state policy,rejected,"The adapters are not decoding one shared aggregate: dataset manifests use lifecycle-specific state mapping and validation, catalog rows use snake_case fields plus numeric/slice coercions, and publication executions use their own JSON/legacy state canonicalization. The independent policies are required by different persisted schemas. No concrete fixture currently demonstrates divergent decoding of the same aggregate or a correctness failure.","Drop the cross-adapter correctness claim. If reducing boilerplate is valuable, share only a low-level JSON/map helper and add aggregate-specific fixture tests for each documented historical format; require a concrete mismatch before changing policy.",internal/dataset/arango/document_codec.go:64; internal/dataset/arango/document_codec.go:104; internal/dataset/arango/release_store.go:105; internal/catalog/arango/codec.go:11; internal/dataframe/publication/arango/bundle_registry.go:20; internal/dataframe/publication/bundle.go:147,3af5e2a7c1f47c104b601f92d7e517b265671bfd
C14,Release publications retain prior-generation optional outputs inside a new-generation release,rejected,"Carrying prior optional publications is explicitly implemented and tested: the release test expects the prior-generation optional binding with Stale=true. Active materialization readers do not enumerate release.Publications; they require successful output, pointer identity, and active generation equality. Therefore the asserted exposure of old tables through the normal current-reader path is contradicted by source and tests.","Do not remove carried history. Document Stale as historical/non-current and, if a future API exposes release publication enumeration, require a shared current-only helper or an explicit include-stale option with generation filtering.",internal/dataset/release.go:195; internal/dataset/release.go:201; internal/dataset/release.go:245,3af5e2a7c1f47c104b601f92d7e517b265671bfd
C-discovery-reject,Delete the legacy READY/PENDING/PREFLIGHT/LOADING lifecycle values immediately.,rejected-in-discovery,"Both dataset and publication codecs intentionally canonicalize persisted legacy values; existing tests and comments identify compatibility contracts, so this needs a migration plan rather than a deletion recommendation.",No work scheduled.,internal/dataset/manifest.go:8; internal/dataframe/publication/bundle.go:29; internal/dataframe/publication/bundle.go:147,3af5e2a7c1f47c104b601f92d7e517b265671bfd
C-discovery-reject,Remove the explicit in-memory Engine.Run API because it accumulates all rows.,rejected-in-discovery,"Run is documented as an explicit complete-dataframe API; the bounded stream/publication path is separate, so unbounded accumulation is an intentional caller contract rather than an unsupported leak.",No work scheduled.,internal/dataframe/execution/engine.go:386; internal/dataframe/execution/engine.go:389,3af5e2a7c1f47c104b601f92d7e517b265671bfd
C-discovery-reject,Treat zero static importers for a storage helper as deletion authorization.,rejected-in-discovery,Storage adapters and persisted formats are contract boundaries; package audit rows explicitly require preserving persisted-data contracts and runtime verification.,No work scheduled.,docs/PACKAGE_AUDIT.csv:46; docs/PACKAGE_AUDIT.csv:47; docs/PACKAGE_AUDIT.csv:58; docs/PACKAGE_AUDIT.csv:59,3af5e2a7c1f47c104b601f92d7e517b265671bfd
D-discovery-reject,GET dataset-generation status is incorrectly protected by write authorization.,rejected-in-discovery,The bulk handler and OpenAPI operation explicitly document this as a write-auth preflight for the subsequent upload; changing it would weaken the intended staging boundary.,No work scheduled.,internal/api/bulk/load/operations.go:34-75; openapi/openapi.yaml:235-270,3af5e2a7c1f47c104b601f92d7e517b265671bfd
D-discovery-reject,Dataframe export leaks auth_resource_path or internal row IDs.,rejected-in-discovery,"Reader.readerColumns rejects explicitly requested auth_resource_path and internal columns, default export excludes them, and Reader.Stream strips internal row IDs before the writer. The remaining partial-stream failure is recorded as D07 instead.",No work scheduled.,internal/dataframe/published/read.go:176-185; internal/dataframe/published/read.go:205-233; internal/api/graphql/graph/dataframe/export.go:37-45; internal/api/graphql/graph/dataframe/export.go:159-167,3af5e2a7c1f47c104b601f92d7e517b265671bfd
D-discovery-reject,GraphQL error presenter loses custom extensions or mutates caller errors.,rejected-in-discovery,The presenter tests explicitly cover preserving custom code/retryable/hints and non-mutation; no supported defect was found in this slice.,No work scheduled.,internal/api/graphql/graph/errors.go:1-120; internal/api/graphql/graph/errors_test.go:1-180,3af5e2a7c1f47c104b601f92d7e517b265671bfd
D-discovery-reject,The unbounded GraphQL result buffer is already a demonstrated production outage.,rejected-in-discovery,"Source establishes an unbounded double-buffering risk, but no live large-response or allocation measurement was run; D04 is an operability candidate, not a claimed incident.",No work scheduled.,internal/api/graphql/graph/handler.go:66-108; internal/server/openapi_graphql_routes.go:15-39,3af5e2a7c1f47c104b601f92d7e517b265671bfd
E-discovery-reject,Read-only authoring suggestions/preview/capability requests are missing auth_resource_path and therefore are unauthorized.,rejected-in-discovery,The API unit contract explicitly expects auth_resource_path only on durable Explorer mutations; suggestions and preview are intentionally non-durable reads. No finding was made from that distinction.,No work scheduled.,ui/packages/loom-ui/src/api.ts:451-499; ui/packages/loom-ui/src/api.unit.test.ts:4-52,3af5e2a7c1f47c104b601f92d7e517b265671bfd
E-discovery-reject,The UI's dotted-column nesting in shapeRows is necessarily a data-loss bug.,rejected-in-discovery,"Builder physical column identifiers are constrained to safe underscore names, and no in-scope caller was found that requires literal dotted physical keys; this was not promoted without a failing fixture.",No work scheduled.,ui/packages/loom-ui/src/api.ts:333-355; ui/packages/loom-ui/src/types.ts:114-125,3af5e2a7c1f47c104b601f92d7e517b265671bfd
E-discovery-reject,The demo's Vite source aliases and polling are architectural defects.,rejected-in-discovery,"They are explicit development adapters for local source iteration; the config keeps production package resolution separate, and no concrete isolation/behavior failure was established from the adapter itself.",No work scheduled.,ui/apps/demo/vite.config.ts:13-59,3af5e2a7c1f47c104b601f92d7e517b265671bfd
