issue_id,wp_id,title,kind,priority,confidence,evidence_state,status,source_refs,problem,change,acceptance,verification_command,observed_verification,compatibility,migration,review_verdict,base_sha,target_files,implementation_sha,verification_evidence
"ML-B01-01","B01","Define a single typed writable feature source","implementation","P1","high","runtime-proven","done","internal/explorer/authoringv2/semantic_types.go:29;internal/explorer/authoringv2/commands.go:411","Flat source options cannot express deliberate feature edits","Add typed sources CAS/idempotent commands and ResolvedInputsDigest inside existing authoring/receipt model","Direct value count and exists round-trip with stable key and presentation","rtk proxy go test ./internal/explorer/... ./internal/dataframe/compiler/... ./internal/server ./cmd/explorer-config-v2-convert","Typed value count and exists sources round-trip through commands reconcile Preview Publish Viewer and reload with stable keys and presentation","coordinated-change","Preserve column identities; CAS migrate mutable drafts; never rewrite old receipts","accept","a921b9e5dca1d42a84a836286140fb3b4d704f3b","internal/explorer/*;internal/dataframe/compiler/*;internal/server/*;cmd/explorer-config-v2-convert/*;ui/*;testdata/devloop-fixture/*;scripts/check_dataframe_package_boundaries.sh","816eba9b2d9634cd3bc414d883cf367321151cbf","docs/product/ml-dataframe/B01_VERIFICATION.md; .artifacts/loom-dev/6d7df93d6a37/mu4de5vq-7f751703/report.json; .artifacts/loom-dev/authoring-timing-1789579362789.json"
"ML-B01-02","B01","Derive output shape and loss policy from semantics","implementation","P1","high","runtime-proven","done","internal/explorer/compilation/semantic_compile.go:184;internal/dataframe/compiler/render/aql/navigation_render.go:257","Related FIRST and array aggregate contracts misstate suitability","Separate resource multiplicity from field repetition and derive shape from checked types","Two related values cannot claim lossless scalar; DISTINCT_VALUES is array","rtk proxy go test ./internal/explorer/... ./internal/dataframe/compiler/... ./internal/server ./cmd/explorer-config-v2-convert","Contract tests and live publication prove array shape and explicit lossy related FIRST without claiming lossless or ML-ready semantics","coordinated-change","Preserve column identities; CAS migrate mutable drafts; never rewrite old receipts","accept","a921b9e5dca1d42a84a836286140fb3b4d704f3b","internal/explorer/*;internal/dataframe/compiler/*;internal/server/*;cmd/explorer-config-v2-convert/*;ui/*;testdata/devloop-fixture/*;scripts/check_dataframe_package_boundaries.sh","816eba9b2d9634cd3bc414d883cf367321151cbf","docs/product/ml-dataframe/B01_VERIFICATION.md; .artifacts/loom-dev/6d7df93d6a37/mu4de5vq-7f751703/report.json; .artifacts/loom-dev/authoring-timing-1789579362789.json"
"ML-B01-03","B01","Migrate drafts without reinterpreting immutable history","implementation","P1","high","runtime-proven","done","internal/explorer/authoringv2/migration.go:8;internal/explorer/compilation_receipt.go:23","A new writable model must not silently alter persisted meaning","Add idempotent versioned CAS migration and unsupported-client checks","Repeated migration has same digest; old receipt bytes unchanged; stale write rejected","rtk proxy go test ./internal/explorer/... ./internal/dataframe/compiler/... ./internal/server ./cmd/explorer-config-v2-convert","Migration and stale-client tests prove idempotent CAS persistence while immutable historical receipts remain unchanged","coordinated-change","Preserve column identities; CAS migrate mutable drafts; never rewrite old receipts","accept","a921b9e5dca1d42a84a836286140fb3b4d704f3b","internal/explorer/*;internal/dataframe/compiler/*;internal/server/*;cmd/explorer-config-v2-convert/*;ui/*;testdata/devloop-fixture/*;scripts/check_dataframe_package_boundaries.sh","816eba9b2d9634cd3bc414d883cf367321151cbf","docs/product/ml-dataframe/B01_VERIFICATION.md; .artifacts/loom-dev/6d7df93d6a37/mu4de5vq-7f751703/report.json; .artifacts/loom-dev/authoring-timing-1789579362789.json"
"ML-B01-04","B01","Migrate callers and establish hostile regression fixture","implementation","P1","high","runtime-proven","done","internal/explorer/authoringv2/commands.go:415;internal/explorer/compilation/compile.go:98","Parallel writable models and untested compiler labels would perpetuate debt","Move owned callers together and extend current fixture and boundary guards","Ordinary Builder journey works with one saved model and truthful labels","rtk proxy go test ./internal/explorer/... ./internal/dataframe/compiler/... ./internal/server ./cmd/explorer-config-v2-convert","The ordinary Builder Preview Publish Viewer filter CSV and reload journey passed with one writable model and truthful labels","coordinated-change","Preserve column identities; CAS migrate mutable drafts; never rewrite old receipts","accept","a921b9e5dca1d42a84a836286140fb3b4d704f3b","internal/explorer/*;internal/dataframe/compiler/*;internal/server/*;cmd/explorer-config-v2-convert/*;ui/*;testdata/devloop-fixture/*;scripts/check_dataframe_package_boundaries.sh","816eba9b2d9634cd3bc414d883cf367321151cbf","docs/product/ml-dataframe/B01_VERIFICATION.md; .artifacts/loom-dev/6d7df93d6a37/mu4de5vq-7f751703/report.json; .artifacts/loom-dev/authoring-timing-1789579362789.json"
"ML-B02-01","B02","Persist immutable complete selection membership","implementation","P1","high","source-reviewed","done","internal/explorer/store.go:26;internal/explorer/arango/drafts.go:11","No independently saved starting population exists","Add selection aggregate member records indexes and atomic completion","Duplicate retries identical; empty set explicit; interrupted stream cannot attach","rtk proxy go test ./internal/explorer/... ./internal/dataframe/published/... ./internal/dataframe/publication/... ./internal/server","Selection API and restart pass; storage races and exact digest pass; lifecycle batch256 scale100k20.493s; interruption and limit rejection pass","coordinated-change","New immutable selection records; no partial revision usable; reselection creates new digest","accept","a921b9e5dca1d42a84a836286140fb3b4d704f3b","internal/explorer/selection.go;internal/explorer/selection_test.go;internal/explorer/store.go;internal/explorer/arango/*;internal/explorer/lifecycle/selection.go;internal/explorer/lifecycle/selection_test.go;internal/dataframe/published/*;internal/dataframe/publication/*","532f05c9af6ab9b8bbf73484094ca9966a50ce20","/private/tmp/loom-arch-integration/docs/product/ml-dataframe/B02_B03_VERIFICATION.md"
"ML-B02-02","B02","Resolve checked and all-matching selections","implementation","P1","high","source-reviewed","done","internal/dataframe/published/page.go:12;internal/dataframe/published/page.go:24","Viewer pagination does not represent all matching source resources","Persist exact source execution/revision/receipt identity; acquire renewable publication read pin; resolve typed filters and source addressability","Three checked files minus one yields exact two; unmappable output rejected","rtk proxy go test ./internal/explorer/... ./internal/dataframe/published/... ./internal/dataframe/publication/... ./internal/server","Selection API and restart pass; storage races and exact digest pass; lifecycle batch256 scale100k20.493s; interruption and limit rejection pass","coordinated-change","New immutable selection records; no partial revision usable; reselection creates new digest","accept","a921b9e5dca1d42a84a836286140fb3b4d704f3b","internal/explorer/selection.go;internal/explorer/selection_test.go;internal/explorer/store.go;internal/explorer/arango/*;internal/explorer/lifecycle/selection.go;internal/explorer/lifecycle/selection_test.go;internal/dataframe/published/*;internal/dataframe/publication/*","532f05c9af6ab9b8bbf73484094ca9966a50ce20","/private/tmp/loom-arch-integration/docs/product/ml-dataframe/B02_B03_VERIFICATION.md"
"ML-B02-03","B02","Bind membership to generation scope and receipt identity","implementation","P1","high","runtime-proven","done","internal/explorer/compilation_receipt.go:61;internal/explorer/lifecycle/policy.go:133","Unpinned selections would drift or leak across authorization scopes","Validate read and use scope before disclosing counts; bind cursor to scope; fold semantic membership digest into compilation identity","Wrong project or generation rejected; later publication cannot change old membership","rtk proxy go test ./internal/explorer/... ./internal/dataframe/published/... ./internal/dataframe/publication/... ./internal/server","Selection revision and membership digest are folded into resolved-input recipe and receipt identity; wrong scope generation and project fail; live distinct memberships produce distinct receipts","coordinated-change","New immutable selection records; no partial revision usable; reselection creates new digest","accept","a921b9e5dca1d42a84a836286140fb3b4d704f3b","internal/explorer/selection.go;internal/explorer/selection_test.go;internal/explorer/store.go;internal/explorer/arango/*;internal/explorer/lifecycle/selection.go;internal/explorer/lifecycle/selection_test.go;internal/dataframe/published/*;internal/dataframe/publication/*","d98dcd2b04306442bd0bdc2316148b1eacca200e","docs/product/ml-dataframe/B02_B03_VERIFICATION.md; docs/product/ml-dataframe/B04_VERTICAL_SLICE_VERIFICATION.md; .artifacts/loom-dev/selections-1789665852665.json; .artifacts/loom-dev/population-row-1789666389159.json"
"ML-B02-04","B02","Expose bounded selection API with restart proof","implementation","P1","high","source-reviewed","done","internal/explorer/lifecycle/types.go:83;internal/server/openapi_explorer_routes.go:67","Frontend cannot create and inspect frozen membership","Add lifecycle create/read operations and thin HTTP contracts","API restart preserves exact selection; exceeded limit returns failure not truncation","rtk proxy go test ./internal/explorer/... ./internal/dataframe/published/... ./internal/dataframe/publication/... ./internal/server","Selection API and restart pass; storage races and exact digest pass; lifecycle batch256 scale100k20.493s; interruption and limit rejection pass","coordinated-change","New immutable selection records; no partial revision usable; reselection creates new digest","accept","a921b9e5dca1d42a84a836286140fb3b4d704f3b","internal/explorer/selection.go;internal/explorer/selection_test.go;internal/explorer/store.go;internal/explorer/arango/*;internal/explorer/lifecycle/selection.go;internal/explorer/lifecycle/selection_test.go;internal/dataframe/published/*;internal/dataframe/publication/*","532f05c9af6ab9b8bbf73484094ca9966a50ce20","/private/tmp/loom-arch-integration/docs/product/ml-dataframe/B02_B03_VERIFICATION.md"
"ML-B03-01","B03","Retain structured concept identity in catalog","implementation","P1","high","source-reviewed","done","internal/catalog/helpers.go:162;internal/server/explorer_capability.go:425","Generic candidates lose coding-system and rich binding evidence","Carry system code scope URL ancestry choice arm units and completeness","Same display or code in distinct systems remains distinct; unknown concepts visible","rtk proxy go test ./internal/catalog/... ./internal/fhir/schema/... ./internal/dataframe/spec/... ./internal/dataframe/semantic/... ./internal/dataframe/compiler/... ./internal/explorer/capability/... ./internal/explorer/compilation/...","Real Arango literal Coding and nested extension cases pass; public commands/Preview13 assertions; Go suite and UI132 pass","coordinated-change","Bump binding/compiler identities; preserve immutable old artifacts; remove string-coalescing writes","accept","a921b9e5dca1d42a84a836286140fb3b4d704f3b","internal/catalog/*;internal/fhir/schema/*;internal/explorer/capability/*;internal/explorer/authoringv2/*;internal/explorer/compilation/*;internal/dataframe/spec/*;internal/dataframe/expression/*;internal/dataframe/semantic/*;internal/dataframe/compiler/*","532f05c9af6ab9b8bbf73484094ca9966a50ce20","/private/tmp/loom-arch-integration/docs/product/ml-dataframe/B02_B03_VERIFICATION.md"
"ML-B03-02","B03","Lower correlated concept predicates and values","implementation","P1","high","source-reviewed","done","internal/dataframe/spec/filter_semantics.go:39;internal/dataframe/compiler/ir/physical_values.go:155","System/code filters and component bindings lack consistent same-item semantics","Extend typed scoped predicates and pivot extraction within existing IR","Filter and projection use the same Coding member and owning component","rtk proxy go test ./internal/catalog/... ./internal/fhir/schema/... ./internal/dataframe/spec/... ./internal/dataframe/semantic/... ./internal/dataframe/compiler/... ./internal/explorer/capability/... ./internal/explorer/compilation/...","Real Arango literal Coding and nested extension cases pass; public commands/Preview13 assertions; Go suite and UI132 pass","coordinated-change","Bump binding/compiler identities; preserve immutable old artifacts; remove string-coalescing writes","accept","a921b9e5dca1d42a84a836286140fb3b4d704f3b","internal/catalog/*;internal/fhir/schema/*;internal/explorer/capability/*;internal/explorer/authoringv2/*;internal/explorer/compilation/*;internal/dataframe/spec/*;internal/dataframe/expression/*;internal/dataframe/semantic/*;internal/dataframe/compiler/*","532f05c9af6ab9b8bbf73484094ca9966a50ce20","/private/tmp/loom-arch-integration/docs/product/ml-dataframe/B02_B03_VERIFICATION.md"
"ML-B03-03","B03","Replace lossy hard-coded lookup fallback writes","implementation","P1","high","source-reviewed","done","internal/explorer/compilation/semantic_compile.go:431;internal/dataframe/recipe/schema/extension_columns.go:13","Hard-coded string coalescing hides value type and binding ambiguity","Resolve typed bindings and explicit invalid/mixed choice outcomes","Numeric and string values stay typed; nested URL parents remain distinct","rtk proxy go test ./internal/catalog/... ./internal/fhir/schema/... ./internal/dataframe/spec/... ./internal/dataframe/semantic/... ./internal/dataframe/compiler/... ./internal/explorer/capability/... ./internal/explorer/compilation/...","Real Arango literal Coding and nested extension cases pass; public commands/Preview13 assertions; Go suite and UI132 pass","coordinated-change","Bump binding/compiler identities; preserve immutable old artifacts; remove string-coalescing writes","accept","a921b9e5dca1d42a84a836286140fb3b4d704f3b","internal/catalog/*;internal/fhir/schema/*;internal/explorer/capability/*;internal/explorer/authoringv2/*;internal/explorer/compilation/*;internal/dataframe/spec/*;internal/dataframe/expression/*;internal/dataframe/semantic/*;internal/dataframe/compiler/*","532f05c9af6ab9b8bbf73484094ca9966a50ce20","/private/tmp/loom-arch-integration/docs/product/ml-dataframe/B02_B03_VERIFICATION.md"
"ML-B03-04","B03","Prove hostile pairing through real execution","implementation","P1","high","source-reviewed","done","internal/dataframe/compiler/generic_physical_plan_test.go:110;internal/explorer/lifecycle/preview.go:12","Rendered queries alone do not prove source pair association","Add literal hostile fixtures and receipt-preview assertions","Cross-element contamination fails exact expected values and coordinate checks","rtk proxy go test ./internal/catalog/... ./internal/fhir/schema/... ./internal/dataframe/spec/... ./internal/dataframe/semantic/... ./internal/dataframe/compiler/... ./internal/explorer/capability/... ./internal/explorer/compilation/...","Real Arango literal Coding and nested extension cases pass; public commands/Preview13 assertions; Go suite and UI132 pass","coordinated-change","Bump binding/compiler identities; preserve immutable old artifacts; remove string-coalescing writes","accept","a921b9e5dca1d42a84a836286140fb3b4d704f3b","internal/catalog/*;internal/fhir/schema/*;internal/explorer/capability/*;internal/explorer/authoringv2/*;internal/explorer/compilation/*;internal/dataframe/spec/*;internal/dataframe/expression/*;internal/dataframe/semantic/*;internal/dataframe/compiler/*","532f05c9af6ab9b8bbf73484094ca9966a50ce20","/private/tmp/loom-arch-integration/docs/product/ml-dataframe/B02_B03_VERIFICATION.md"
"ML-B04-01","B04","Compile membership-preserving resource rows","implementation","P1","high","runtime-proven","done","internal/dataframe/compiler/lower/root_projection.go:1;internal/dataframe/compiler/ir/physical_types.go:95;internal/dataframe/compiler/render/aql/render.go:140","Selection cannot constrain a different row resource without losing identity","Drive root access from typed immutable membership and reverse the authored route under existing scope rules","F1 and F2 yield S1 once with both files traceable","rtk proxy go test ./internal/explorer/... ./internal/dataframe/recipe/... ./internal/dataframe/semantic/... ./internal/dataframe/compiler/... ./internal/server","Direct and reversed membership-driven roots preserve project generation and auth scope; ordinary reads deduplicate target keys without provenance arrays; receipt-bound mapping groups exact member witnesses per final row; live direct Specimen and file-to-Specimen paths pass API and DOM checks; sparse 100-of-20000 profile is 0.000711s versus 0.559086s and dense 18000-of-20000 is 0.096020s versus 0.800020s with zero full scans","coordinated-change","Replace destructive root command; preserve or explicitly reject feature rebase; scope sharing keys","accept","a921b9e5dca1d42a84a836286140fb3b4d704f3b","internal/explorer/*;internal/dataframe/recipe/*;internal/dataframe/semantic/*;internal/dataframe/compiler/*;internal/server/*;ui/*;scripts/loom-dev.mjs;scripts/loom-dev.test.mjs;testdata/devloop-fixture/*","d919a5a1a92348baaaf96ec27bee06a21afd1380","docs/product/ml-dataframe/B04_VERTICAL_SLICE_VERIFICATION.md; .artifacts/loom-dev/population-row-1789690186299.json; .artifacts/loom-dev/population-row-ui-1789690198116.html; .artifacts/loom-dev/population-profile-1789690200.json"
"ML-B04-02","B04","Replace destructive root changes","implementation","P1","high","runtime-proven","done","internal/explorer/authoringv2/commands.go:1;ui/packages/loom-ui/src/features/ExplorerBuilder/BuilderWorkspace.tsx:1","SET_TABLE_ROOT clears routes columns and filters","Assess and atomically apply explicit rebase mappings or return repair errors","Selection and feature IDs retained; failed rebase leaves old draft digest","rtk proxy go test ./internal/explorer/... ./internal/dataframe/recipe/... ./internal/dataframe/semantic/... ./internal/dataframe/compiler/... ./internal/server","Draft-bound assessment and atomic apply preserve stable feature IDs selection filters actions off-path branches and route match modes; stale absent and unresolved proposals do not mutate the draft; explicit occurrence and per-path inverse-edge choices resolve ambiguity; the Builder exposes every eligible authored descendant; live DOM execution promotes Observation through DocumentReference to Specimen to Observation, preserves three feature keys and the immutable selection with a two-step population route, previews fixture rows, and survives reload","coordinated-change","Replace destructive root command; preserve or explicitly reject feature rebase; scope sharing keys","accept","a921b9e5dca1d42a84a836286140fb3b4d704f3b","internal/explorer/*;internal/dataframe/recipe/*;internal/dataframe/semantic/*;internal/dataframe/compiler/*;internal/server/*;ui/*;scripts/loom-dev.mjs;scripts/loom-dev.test.mjs;testdata/devloop-fixture/*","37233c068aa6bbf1397d7d44cbd66d3ef2a35d26","docs/product/ml-dataframe/B04_VERTICAL_SLICE_VERIFICATION.md; .artifacts/loom-dev/row-rebase-ui-1789673863601.json; .artifacts/loom-dev/row-definition-ui-1789691724832.json; .artifacts/loom-dev/row-definition-ui-1789691724832.html"
"ML-B04-03","B04","Separate population predicates and feature contributors","implementation","P1","high","runtime-proven","done","internal/explorer/authoringv2/commands.go:303;internal/explorer/compilation/semantic_compile.go:358","Repeated relationships rejected and all routes become optional","Permit scoped occurrences and required population matches with typed predicates","Two counts through one relationship differ correctly without dropping optional rows","rtk proxy go test ./internal/explorer/... ./internal/dataframe/recipe/... ./internal/dataframe/semantic/... ./internal/dataframe/compiler/... ./internal/server","Sibling occurrences reuse one relationship with stable identities; semantics v4 has catalog-bound contributor predicates, explicit set and clear commands, deterministic legacy migration, and one canonical typed filter through lowering; real Arango returns independent counts 1 and 2 while retaining an unmatched optional root as 0 and 0; required route intent removes only the unmatched root; the browser persists required and optional route modes through the command API and completes the full fast journey; the visible contributor-value editor belongs to B05","coordinated-change","Replace destructive root command; preserve or explicitly reject feature rebase; scope sharing keys","accept","a921b9e5dca1d42a84a836286140fb3b4d704f3b","internal/explorer/*;internal/dataframe/recipe/*;internal/dataframe/semantic/*;internal/dataframe/compiler/*;internal/server/*;ui/*;scripts/loom-dev.mjs;scripts/loom-dev.test.mjs;testdata/devloop-fixture/*","a1556e71c600dcb5a586fe921e0087b2015e0be8","docs/product/ml-dataframe/B04_VERTICAL_SLICE_VERIFICATION.md; docs/product/ml-dataframe/B04_TYPED_CONTRIBUTOR_PREDICATE_DESIGN.md; .artifacts/loom-dev/6d7df93d6a37/report.json"
"ML-B04-04","B04","Connect selection and row controls to one intent","implementation","P1","high","runtime-proven","done","internal/explorer/authoringv2/types.go:17;internal/explorer/lifecycle/authoring.go:15","Nontechnical selection-to-grain workflow is absent","Add control handoff and preserve existing graph access through same commands","File-to-specimen and Specimen-first no-file journeys pass DOM API and reload checks","rtk proxy go test ./internal/explorer/... ./internal/dataframe/recipe/... ./internal/dataframe/semantic/... ./internal/dataframe/compiler/... ./internal/server","Attach clear route choice Preview exact coverage and reload pass; unmatched file removal derives and attaches a new immutable selection revision with 2 selected 2 mapped 0 unresolved; One row per uses the existing assessed rebase path; a live no-file no-Patient Specimen-to-Observation journey preserves stable features previews actual rows and survives reload","coordinated-change","Replace destructive root command; preserve or explicitly reject feature rebase; scope sharing keys","accept","a921b9e5dca1d42a84a836286140fb3b4d704f3b","internal/explorer/*;internal/dataframe/recipe/*;internal/dataframe/semantic/*;internal/dataframe/compiler/*;internal/server/*;ui/*;scripts/loom-dev.mjs;scripts/loom-dev.test.mjs;testdata/devloop-fixture/*","eac02b308d2fd2173f64b90dbfd6407b8b225466","docs/product/ml-dataframe/B04_VERTICAL_SLICE_VERIFICATION.md; .artifacts/loom-dev/population-row-1789687540076.json; .artifacts/loom-dev/population-row-ui-1789687551236.html; .artifacts/loom-dev/row-definition-ui-1789688249673.json; .artifacts/loom-dev/row-definition-ui-1789688249673.html"
"ML-B05-01","B05","Author explicit collection and scalar reductions","implementation","P1","high","runtime-proven","done","internal/dataframe/recipe/document_types.go:274;internal/explorer/authoringv2/semantic_types.go:147","First values and flattening obscure multiple-record meaning","Expose typed reductions with resource/value count and null policies","Require-one reports ambiguity; collect retains typed array; empty exists false","rtk proxy go test ./internal/explorer/... ./internal/dataframe/expression/... ./internal/dataframe/semantic/... ./internal/dataframe/compiler/... ./internal/server","Focused Go and UI suites plus the live Builder journey prove require-one ambiguity, collect/distinct arrays, resource/value counts, exists, min, max, contains-all, Preview, Publish, Viewer, and reload through one typed source policy","coordinated-change","Migrate WherePath/WhereEquals; delete old writable filter forms; pin conversion semantics","accept","a921b9e5dca1d42a84a836286140fb3b4d704f3b","internal/explorer/*;internal/dataframe/recipe/*;internal/dataframe/expression/*;internal/dataframe/semantic/*;internal/dataframe/compiler/*;internal/server/*;ui/*;scripts/loom-dev.mjs;testdata/devloop-fixture/*","096ad625f474c8e8bb6a5e12791f9af735476291",".artifacts/loom-dev/6d7df93d6a37/mu6dtelu-e0e34e28/report.json; .artifacts/loom-dev/6d7df93d6a37/mu6dyns1-bda16712/report.json"
"ML-B05-02","B05","Implement anchored temporal selection","implementation","P1","high","runtime-proven","done","internal/dataframe/compiler/ir/physical_values.go:218;internal/dataframe/recipe/document_types.go:306","Latest selection lacks a complete anchor precision and tie contract","Add ordered reduction bounds and timestamp precision checks end to end","Outside-window excluded; equal-time tie explicit; missing anchor unresolved","rtk proxy go test ./internal/explorer/... ./internal/dataframe/expression/... ./internal/dataframe/semantic/... ./internal/dataframe/compiler/... ./internal/server","Focused and repository-wide suites plus the live Builder journey prove partial policy rejection, complete policy persistence, typed equal-time ambiguity, deterministic resource-key recovery, and literal preview values 180 and 68 in 15.651 seconds","coordinated-change","Migrate WherePath/WhereEquals; delete old writable filter forms; pin conversion semantics","accept","a921b9e5dca1d42a84a836286140fb3b4d704f3b","internal/explorer/*;internal/dataframe/recipe/*;internal/dataframe/expression/*;internal/dataframe/semantic/*;internal/dataframe/compiler/*;internal/server/*;ui/*;scripts/loom-dev.mjs;testdata/devloop-fixture/*","eefc149b68d9bb8707ba6a2efee4fd24d43198cc",".artifacts/loom-dev/6d7df93d6a37/mu6dyns1-bda16712/report.json"
"ML-B05-03","B05","Normalize approved compatible units","implementation","P1","high","runtime-proven","done","internal/dataframe/recipe/document_types.go:274;internal/dataframe/semantic/recipe_rich_shaping.go:1;internal/dataframe/compiler/render/aql/selectors.go:1","Feature values lack declared unit conversion behavior","Version identity linear and affine conversions with dimension checks","Exact converted values proven; incompatible units unresolved; original retained","rtk proxy go test ./internal/explorer/... ./internal/dataframe/expression/... ./internal/dataframe/semantic/... ./internal/dataframe/compiler/... ./internal/server","Full Go suite and 151 UI tests pass; literal Arango execution proves identity, m-to-cm linear, Celsius/Fahrenheit affine, and display-label rejection; verify-fast passes through Preview Publish Viewer and reload","coordinated-change","Migrate WherePath/WhereEquals; delete old writable filter forms; pin conversion semantics","accept","a921b9e5dca1d42a84a836286140fb3b4d704f3b","internal/explorer/*;internal/dataframe/recipe/*;internal/dataframe/expression/*;internal/dataframe/semantic/*;internal/dataframe/compiler/*;internal/server/*;ui/*;scripts/loom-dev.mjs;testdata/devloop-fixture/*","bd9257867c4178a3495733712e100b93f8a93e02",".artifacts/loom-dev/6d7df93d6a37/mu75tsr2-1d08be00/report.json; TestUnitNormalizationLiteralValuesAgainstArango"
"ML-B05-04","B05","Replace legacy predicate writes and expose feature editor","implementation","P1","high","runtime-proven","done","internal/explorer/authoringv2/semantic_types.go:1;internal/explorer/compilation/semantic_compile.go:1;ui/packages/loom-ui/src/features/ExplorerBuilder/BuilderWorkspace.tsx:1","Rich feature editing would otherwise duplicate old WherePath semantics","Migrate predicate callers and use source-policy controls over the same document","Two scoped features survive Preview Publish Viewer with same literal values","rtk proxy go test ./internal/explorer/... ./internal/dataframe/expression/... ./internal/dataframe/semantic/... ./internal/dataframe/compiler/... ./internal/server","Full Go suite and 152 UI tests pass; the live browser authors repeated EXISTS ANY and scalar status equals final predicates on independent features, then proves exact Preview, Publish, Viewer, CSV, and reload values; virtual scrolling is exercised in the same journey","coordinated-change","Current writes use ContributorPredicate; private legacy SourceWhere remains decode-and-migrate only","accept","a921b9e5dca1d42a84a836286140fb3b4d704f3b","internal/explorer/*;internal/dataframe/recipe/*;internal/dataframe/expression/*;internal/dataframe/semantic/*;internal/dataframe/compiler/*;internal/server/*;ui/*;scripts/loom-dev.mjs;testdata/devloop-fixture/*","cd529d545e78a09ce85bd9dcdef8e69231d924bf",".artifacts/loom-dev/6d7df93d6a37/mu7797ro-fe9f3ade/report.json"
"ML-B06-01","B06","Persist project-scoped interpretation revisions","implementation","P1","high","runtime-proven","done","internal/explorer/store.go:1;internal/explorer/lifecycle/types.go:1;internal/explorer/arango/store.go:1","Expression macros are not human interpretation records","Add immutable Explorer interpretation aggregate with applicability and parent CAS","Same content idempotent; wrong applicability rejected; old revisions immutable","go test ./internal/explorer/... ./internal/server -count=1","Immutable insert idempotency parent-head CAS project isolation and exact revision reads passed unit and live verification","coordinated-change","Exact revision references; resolved definitions enter intent and recipe digest; no mutable-head execution","accept","a921b9e5dca1d42a84a836286140fb3b4d704f3b","internal/explorer/*;internal/server/*;ui/*;scripts/loom-dev.mjs;testdata/devloop-fixture/*","9ac4ecfe499e04cf05b583ec851541b4186f4475","docs/product/ml-dataframe/B06_VERTICAL_SLICE_VERIFICATION.md;.artifacts/loom-dev/6d7df93d6a37/report.json"
"ML-B06-02","B06","Freeze resolved interpretation meaning in receipts","implementation","P1","high","runtime-proven","done","internal/explorer/compilation/compile.go:1;internal/explorer/compilation_receipt.go:1","A moving mapping head would change existing datasets","Resolve exact revision before pure compilation; include ResolvedInputsDigest in receipt identity and semantic meaning in recipe digest","Changing mapping changes new receipt; old receipt and consumer stay unchanged","go test ./internal/explorer/... ./internal/server -count=1","Live v1 and v2 consumers retained exact pinned provenance across head advancement compilation publication and reload","coordinated-change","Exact revision references; resolved definitions enter intent and recipe digest; no mutable-head execution","accept","a921b9e5dca1d42a84a836286140fb3b4d704f3b","internal/explorer/*;internal/server/*;ui/*;scripts/loom-dev.mjs;testdata/devloop-fixture/*","9ac4ecfe499e04cf05b583ec851541b4186f4475","docs/product/ml-dataframe/B06_VERTICAL_SLICE_VERIFICATION.md;.artifacts/loom-dev/6d7df93d6a37/report.json"
"ML-B06-03","B06","Preview mapping revisions before atomic application","implementation","P1","high","runtime-proven","done","internal/explorer/authoringv2/commands.go:1;internal/explorer/compilation/semantic_compile.go:1","Mapping edits need effect evidence without mutating source or current draft","Create candidate receipt compare changes then apply pinned revision with CAS","Cancel preserves draft; stale apply fails; source FHIR unchanged","go test ./internal/explorer/... ./internal/server -count=1","Live review rendered changed raw values and counts; cancel preserved version and digest; apply used draft CAS; source digest was unchanged","coordinated-change","Exact revision references; resolved definitions enter intent and recipe digest; no mutable-head execution","accept","a921b9e5dca1d42a84a836286140fb3b4d704f3b","internal/explorer/*;internal/server/*;ui/*;scripts/loom-dev.mjs;testdata/devloop-fixture/*","9ac4ecfe499e04cf05b583ec851541b4186f4475","docs/product/ml-dataframe/B06_VERTICAL_SLICE_VERIFICATION.md;.artifacts/loom-dev/6d7df93d6a37/mu7gy5qb-a3ef9d6c/interpretation-evidence.json"
"ML-B06-04","B06","Expose bounded interpretation repair and reuse","implementation","P1","high","runtime-proven","done","ui/packages/loom-ui/src/features/ExplorerBuilder/BuilderWorkspace.tsx:1;internal/server/openapi_explorer_routes.go:1;scripts/loom-dev.mjs:1","Users cannot inspect recurring unresolved bindings and apply a reusable correction","Add library and affected-record controls with raw-value access","Preview repair resolves expected records and leaves unknowns visible after reload","go test ./internal/explorer/... ./internal/server -count=1; npm --prefix ui/packages/loom-ui test; make verify-fast","Builder browsed created reviewed cancelled revised and applied immutable mappings; limit-one preview reported INCOMPLETE; all 62 integrated assertions passed in 19.134 seconds","coordinated-change","Exact revision references; resolved definitions enter intent and recipe digest; no mutable-head execution","accept","a921b9e5dca1d42a84a836286140fb3b4d704f3b","internal/explorer/*;internal/server/*;ui/*;scripts/loom-dev.mjs;testdata/devloop-fixture/*","9ac4ecfe499e04cf05b583ec851541b4186f4475","docs/product/ml-dataframe/B06_VERTICAL_SLICE_VERIFICATION.md;.artifacts/loom-dev/6d7df93d6a37/report.json;.artifacts/loom-dev/6d7df93d6a37/mu7gy5qb-a3ef9d6c/interpretation-review.html"
"ML-B07-01","B07","Emit targeted contribution traces from the compiled plan","implementation","P1","high","runtime-proven","done","internal/explorer/compilation.go:5;internal/dataframe/execution/engine.go:48","Column lineage cannot explain individual cells","Add optional typed evidence sink and row/feature trace operation after immutable receipt identity exists","Preview cell and trace share value source coordinates and reduction decision","rtk proxy go test ./internal/explorer/... ./internal/dataframe/execution/... ./internal/dataframe/compiler/... ./internal/dataframe/publication/... ./internal/server","Focused Go and UI suites plus verify-full prove a published MAX value of 180 traces the exact 172.5 and 180 contributors with bounded receipt-bound pagination.","coordinated-change","Reports reference immutable receipt; publication identity and evidence policy match; old artifacts unchanged","accept","a921b9e5dca1d42a84a836286140fb3b4d704f3b","internal/explorer/*;internal/dataframe/execution/*;internal/dataframe/compiler/*;internal/dataframe/publication/*;internal/server/*;ui/*;scripts/loom-dev.mjs;testdata/devloop-fixture/*","fc6135c4a7783e4593a9316d8a2b30ecea4a6d11","docs/product/ml-dataframe/B07_EVIDENCE_VERIFICATION.md;.artifacts/loom-dev/6d7df93d6a37/report.json"
"ML-B07-02","B07","Persist complete receipt-bound quality reports","implementation","P1","high","runtime-proven","done","internal/server/explorer_preview_response.go:207;internal/explorer/lifecycle/preview.go:12","Bounded preview counts are not full population quality","Run bounded-resource full scan with explicit completeness and immutable report identity","Timeout incomplete; missingness and ambiguity counts literal; no hidden counts","rtk proxy go test ./internal/explorer/... ./internal/dataframe/execution/... ./internal/dataframe/compiler/... ./internal/dataframe/publication/... ./internal/server","Complete publication scans retain receipt generation scope output policy limits coverage null key and typed failure evidence; a forced row limit fails closed without hidden counts.","coordinated-change","Reports reference immutable receipt; publication identity and evidence policy match; old artifacts unchanged","accept","a921b9e5dca1d42a84a836286140fb3b4d704f3b","internal/explorer/*;internal/dataframe/execution/*;internal/dataframe/compiler/*;internal/dataframe/publication/*;internal/server/*;ui/*;scripts/loom-dev.mjs;testdata/devloop-fixture/*","8c534c697285fe7ef327a6a571e658168c3e9000","docs/product/ml-dataframe/B07_EVIDENCE_VERIFICATION.md;.artifacts/loom-dev/6d7df93d6a37/b07-performance.json;.artifacts/loom-dev/6d7df93d6a37/mu7o7ayb-924b071b/b07-fault-verification.json"
"ML-B07-03","B07","Gate activation on execution-time invariants","implementation","P1","high","runtime-proven","done","internal/explorer/lifecycle/publish.go:15;internal/explorer/arango/publication.go:1","Preflight evidence alone cannot prove published output validity","Validate materialization stream and reuse existing atomic activation boundary","Failed check leaves prior active revision unchanged; stale evidence rejected","rtk proxy go test ./internal/explorer/... ./internal/dataframe/execution/... ./internal/dataframe/compiler/... ./internal/dataframe/publication/... ./internal/server","Live incomplete-scan and release-CAS faults retained the exact prior GraphQL execution rows columns count and digest; activation conflict returned typed HTTP 409.","coordinated-change","Reports reference immutable receipt; publication identity and evidence policy match; old artifacts unchanged","accept","a921b9e5dca1d42a84a836286140fb3b4d704f3b","internal/explorer/*;internal/dataframe/execution/*;internal/dataframe/compiler/*;internal/dataframe/publication/*;internal/server/*;ui/*;scripts/loom-dev.mjs;testdata/devloop-fixture/*","cdb60072006c1d77c3f96c7504134ab67f2e5163","docs/product/ml-dataframe/B07_EVIDENCE_VERIFICATION.md;.artifacts/loom-dev/6d7df93d6a37/mu7o7ayb-924b071b/b07-fault-verification.json"
"ML-B07-04","B07","Connect reason-specific repairs and cell explanations","implementation","P1","high","runtime-proven","done","internal/server/explorer_preview_response.go:143;internal/explorer/output_contract.go:1","Users cannot distinguish missing source from ambiguity or navigate repairs","Use one descriptor and typed reason codes across Builder Preview Viewer","Repair focuses feature; no-match missing-value invalid-unit reasons remain distinct","rtk proxy go test ./internal/explorer/... ./internal/dataframe/execution/... ./internal/dataframe/compiler/... ./internal/dataframe/publication/... ./internal/server","Viewer distinguishes populated no-match recorded-null ambiguity invalid-type and incompatible-unit states; repair navigation focuses the exact receipt-owned Builder feature.","coordinated-change","Reports reference immutable receipt; publication identity and evidence policy match; old artifacts unchanged","accept","a921b9e5dca1d42a84a836286140fb3b4d704f3b","internal/explorer/*;internal/dataframe/execution/*;internal/dataframe/compiler/*;internal/dataframe/publication/*;internal/server/*;ui/*;scripts/loom-dev.mjs;testdata/devloop-fixture/*","ca555d75f0dd19d647094f295e70d609daf9b749","docs/product/ml-dataframe/B07_EVIDENCE_VERIFICATION.md;.artifacts/loom-dev/6d7df93d6a37/report.json"
"ML-B08-01","B08","Resolve and retain exact export executions","implementation","P1","high","runtime-proven","done","internal/dataframe/published/page.go:24;internal/api/graphql/graph/dataframe/export.go:15","Latest-by-selector is not an immutable publication pin","Reuse BundleCatalog.GetExecution and renewable B02 reader pins; abort on lost pin; never resolve latest","Export A stays A during publication B; missing retained table fails explicitly","rtk proxy go test ./...; make openapi-check graphql-check dataframe-boundaries; npm --prefix ui test; node --test scripts/loom-dev.test.mjs","A live export of execution A remained pinned while publication B completed and advanced the active execution; the final manifest archive and response retained A.","coordinated-change","Replace browser whole-dataset buffer; pin execution by ID; retain source publication during export","accept","a921b9e5dca1d42a84a836286140fb3b4d704f3b","internal/explorer/*;internal/dataframe/published/*;internal/dataframe/publication/*;internal/api/graphql/graph/dataframe/*;internal/server/*;ui/*;scripts/loom-dev.mjs;scripts/loom-dev.test.mjs;.codex/skills/verify/*;testdata/devloop-fixture/*","5fec59fad252c3f25e93b7f6ed935a741fa6064d","docs/product/ml-dataframe/B08_INTEGRATED_VERIFICATION.md;.artifacts/loom-dev/6d7df93d6a37/mu7o7ayb-924b071b/b08-artifact-verification.json"
"ML-B08-02","B08","Assemble complete bounded reproducible artifacts","implementation","P1","high","runtime-proven","done","internal/dataframe/published/export.go:5;internal/explorer/lifecycle/types.go:171","Row codecs alone do not provide definitions membership quality and provenance","Prepare bounded temp archive with manifest member digests and declared encodings","Every member identity consistent; empty string distinct from null; partial archive unavailable","rtk proxy go test ./...; make openapi-check graphql-check dataframe-boundaries; npm --prefix ui test; node --test scripts/loom-dev.test.mjs","Unit and live verification prove bounded deterministic ZIP members exact identity null and array encodings checksums atomic completion and failed-stage invisibility.","coordinated-change","Replace browser whole-dataset buffer; pin execution by ID; retain source publication during export","accept","a921b9e5dca1d42a84a836286140fb3b4d704f3b","internal/explorer/*;internal/dataframe/published/*;internal/dataframe/publication/*;internal/api/graphql/graph/dataframe/*;internal/server/*;ui/*;scripts/loom-dev.mjs;scripts/loom-dev.test.mjs;.codex/skills/verify/*;testdata/devloop-fixture/*","ffc5e03c4ae54d876ea6cd69d6953b03b38f5364","docs/product/ml-dataframe/B08_INTEGRATED_VERIFICATION.md;.artifacts/loom-dev/6d7df93d6a37/mu7o7ayb-924b071b/b08-concurrent-artifact.zip"
"ML-B08-03","B08","Replace full-dataset browser buffering","implementation","P1","high","runtime-proven","done","internal/api/graphql/graph/dataframe/export.go:15;internal/dataframe/published/page.go:24","Client-side assembly scales browser memory with data volume","Use pinned server download and keep only normal table paging in browser","Concurrent republish cannot mix data; late failure never reports complete download","rtk proxy go test ./...; make openapi-check graphql-check dataframe-boundaries; npm --prefix ui test; node --test scripts/loom-dev.test.mjs","Viewer uses native download streaming; concurrent republish preserved artifact A and a forced late row-limit failure exposed no complete archive and stayed failed for the same key.","coordinated-change","Replace browser whole-dataset buffer; pin execution by ID; retain source publication during export","accept","a921b9e5dca1d42a84a836286140fb3b4d704f3b","internal/explorer/*;internal/dataframe/published/*;internal/dataframe/publication/*;internal/api/graphql/graph/dataframe/*;internal/server/*;ui/*;scripts/loom-dev.mjs;scripts/loom-dev.test.mjs;.codex/skills/verify/*;testdata/devloop-fixture/*","3658ef6724201bea000c0b909f437d18a6abf91a","docs/product/ml-dataframe/B08_INTEGRATED_VERIFICATION.md;.artifacts/loom-dev/6d7df93d6a37/mu7o7ayb-924b071b/b08-artifact-verification.json"
"ML-B08-04","B08","Verify final journeys and retire replaced writable paths","implementation","P1","high","runtime-proven","done","internal/explorer/authoringv2/commands.go:12;internal/explorer/lifecycle/service_test.go:390","Integrated contracts and old paths may diverge after parallel implementation","Run integrated suites verify-fast verify-full and update verification coverage","All journey literal values digests checksums migration and failure predicates pass","rtk proxy go test ./...; make openapi-check graphql-check dataframe-boundaries; npm --prefix ui test; node --test scripts/loom-dev.test.mjs","Full Go schema boundary UI driver and production-build gates passed; verify-full completed 76 assertions and the open CDA-FHIR verify-current journey passed.","coordinated-change","Replace browser whole-dataset buffer; pin execution by ID; retain source publication during export","accept","a921b9e5dca1d42a84a836286140fb3b4d704f3b","internal/explorer/*;internal/dataframe/published/*;internal/dataframe/publication/*;internal/api/graphql/graph/dataframe/*;internal/server/*;ui/*;scripts/loom-dev.mjs;scripts/loom-dev.test.mjs;.codex/skills/verify/*;testdata/devloop-fixture/*","a45f8d3debece99e64b59750bc3752fc0ab2fcbd","docs/product/ml-dataframe/B08_INTEGRATED_VERIFICATION.md;.artifacts/loom-dev/6d7df93d6a37/report.json;.artifacts/loom-dev/6d7df93d6a37/current-mu7pbze9"
