feature	transition_or_variant	status	usability	correctness	persistence	performance	runnable_command	evidence	next_check
Starting record type	Patient/Observation with authored Subject column and retained collection; repeated round trips	passed	passed	passed	passed	passed	rtk proxy make verify-cda-root-settings	/tmp/loom-root-settings-direction-fix/report.json	Other root bindings remain untested
Starting collection	Coverage; clear; native connection selection; reattach; reload	passed	passed	passed	passed	passed	rtk proxy make verify-cda-root-settings	/tmp/loom-root-settings-direction-fix/report.json	Long retained route with unmapped members
Starting collection	Specimen parent self-relationship; unmapped member removal; preserved connection and columns; reload	passed	passed	passed	passed	passed	rtk proxy node scripts/verify-cda-collection-repair.mjs	/tmp/loom-collection-repair-fixed-2/report.json	Long retained routes with unmapped members remain untested
Starting collection	Legacy saved self-relationship route with catalogEdgeId but no storageDirection; unchanged authored draft	passed	passed	passed	passed	passed	rtk proxy node scripts/verify-cda-legacy-collection.mjs	/tmp/loom-legacy-collection-final/report.json	Replay requires retained owned legacy fixture; portable Go tests construct legacy shape
Base row definition	Records and advertised repeated paths on source/filtered/grouped tables	passed	passed	passed	passed	passed	rtk proxy node scripts/verify-base-settings.mjs --browser	/tmp/loom-base-settings-errors-fixed/report.json	Nested repeated item column binding lifecycle
Named cohorts	Assigned and partially assigned groups; error-policy repair; Apply/Cancel/reload	passed	passed	passed	passed	passed	rtk proxy node scripts/verify-base-settings.mjs --browser	/tmp/loom-base-settings-errors-fixed/report.json	Member editing and authored-operation composition
Upstream expansion edit	Empty policy and target changes; dependent removal and independent filter preservation	passed	passed	passed	passed	passed	rtk proxy node scripts/verify-upstream-edits.mjs --browser	/tmp/loom-upstream-edits-final/report.json	Additional identity/multiplicity transitions
Upstream grouping edit	Add/remove grouping keys with later filters; Cancel/Apply/reload	passed	passed	passed	passed	passed	rtk proxy node scripts/verify-upstream-edits.mjs --browser	/tmp/loom-upstream-edits-final/report.json	Grouping to column addition
Group records	Direct coded selection; atomic Apply; reload/edit; mixed keys; removal Cancel; restored-table reload	passed	passed	passed	passed	passed	rtk proxy node scripts/verify-compound-coded-group.mjs	/tmp/loom-compound-coded-goal-wave/compound-coded-qa-1790883259762.json	Multi-record contributor cases remain untested
Add columns	Direct scalar and repeated source fields; edit/remove/restoration	passed	passed	passed	passed	passed	node scripts/verify-cda-source-fields-browser.mjs /tmp/loom-source-fields-native-restoration	/tmp/loom-source-fields-native-restoration/report.json statuspassed, nine assertions: independently scoped three Observation witnesses, scalar status VALUE and component[].valueString ALL, native form selection Preview/Cancel/Apply, exact raw values/types and physical column/source bindings, presentation rename/reload, remove both fields and restored source reload. Saved selection membership/project/generation retained. 8 timed actions max3474ms; no runtime errors.	Direct-field lifecycle verified. Related/coded fields and authored repeated-row EXPAND are separate behavior classes; this case does not substitute for them.
Add columns	Related field ONE cardinality and additional coded-field families	untested	untested	untested	untested	untested	node scripts/verify-cda-related-one-all-browser.mjs /tmp/loom-related-one-all-current	/tmp/loom-coded-terminal-owner-full-lifecycle/report.json; /tmp/loom-group-related-values-fixed/report.json; /tmp/loom-related-one-all-adoption-integrated/report.json: ONE422 same-chooser ALL repair, Cancel, Apply, exact accepted receipt/draft identity and independent values, then reload pass; stops at stale authored-column Remove selector for construction RELATED_SOURCE output. Full removal lifecycle remains unverified, zero-Observation source witness unavailable.; Source review correction: saved addition is Group.rowValues retaining an authored source physical name, not RELATED_SOURCE step. Columns menu excludes this CONSTRUCTION_OUTPUT despite backend REMOVE_COLUMN removing its associated row value. This is a removal affordance gap; deleting Group would not preserve baseline.	Expose safe removal for source-backed Group row-value outputs; verify exact baseline restoration natively with reload. Additional coded families and unavailable zero witness remain separate coverage gaps.
Contributor rules	EQUALS condition; PRESERVE_PARENT/EXCLUDE; zero/one/many sources	passed	passed	passed	passed	passed	node scripts/verify-cda-contributor-rules-browser.mjs /tmp/loom-contributor-rules-source-identity-fixed	/tmp/loom-contributor-rules-source-identity-fixed/report.json statuspassed: independently scoped zero/one/many CDA witnesses; exact values through Preview/Cancel/Apply/reload; PRESERVE_PARENT→EXCLUDE edit/reload; removal Preview/Cancel/Apply/restored source reload. Stable canonical source column ID and exact unchanged binding/presentation fields. 19 timed actions max3029ms; no backend/module/runtime errors.	Verified EQUALS/PRESERVE_PARENT/EXCLUDE lifecycle. ALL matching, EXISTS, ERROR, coded suggestions and alternative anchors remain distinct gaps.
Related records	Create/edit/remove with zero/one/many matches	untested	untested	untested	untested	untested			Full lifecycle beyond upstream edit regressions
Pivot	Ordinary fields; automatic category rediscovery on field change	passed	passed	passed	passed	passed	node scripts/verify-cda-pivot-field-change-browser.mjs /tmp/loom-pivot-disclosure-aware-helper	/tmp/loom-pivot-disclosure-aware-helper/report.json; previous /tmp/loom-pivot-native-advanced-open/report.json	15 native checks; latest max2354ms. Independent31Observation quantity-code Null/d→status final; stale outputs removed, numeric values retained; Cancel/Apply, native Advanced summary and label typing, edit/reload/removal exact restoration. Preview/reload0commands, Apply1command. Shared browser helper now rejects collapsed-details controls; real Chrome RED/GREEN scripts/verify-browser-disclosure.mjs validates hidden control detection and native summary opening.
Pivot	Coded values and grouping fields	untested	untested	untested	untested	untested			Full lifecycle and composed related bindings
Unpivot	Related Specimen/Patient/Condition/Observation/Patient rows; retained other columns; Cancel/Apply/reload; policy edit; removal/restoration	passed	passed	passed	passed	passed	rtk proxy node scripts/verify-cda-related-unpivot-browser.mjs	/tmp/loom-related-unpivot-filter-fixed/report.json	Verify adding fields from retained related bindings after Unpivot; zero/many witnesses separately
Filter rows	Unpivot Value; missing/equality; Cancel/Apply/edit/reload; upstream removal warning and Cancel	passed	passed	passed	passed	passed	rtk proxy node scripts/verify-cda-related-unpivot-browser.mjs	/tmp/loom-related-unpivot-filter-fixed/report.json	28 native browser checks; max2796ms; zero runtime/HTTP errors; route discovery cancels during Apply. Group and Pivot filtering pass separately
Filter rows	Source table; missing/equality conditions; Cancel/Apply/edit/removal/reload	passed	passed	passed	passed	passed	rtk proxy node scripts/verify-cda-filter-browser.mjs	/tmp/loom-filter-browser-timed/report.json	Changed-shape filtering remains separate
Named cohorts	Member editing; changing collections beneath authored operations	untested	untested	untested	untested	untested			Cover membership/source-binding transition
Repeated rows	Add fields at nested repeated boundary without cross-item mixing	passed	passed	passed	passed	passed	rtk proxy node scripts/verify-cda-repeated-rows-browser.mjs --evidence /tmp/loom-repeated-rows-restoration-complete	/tmp/loom-repeated-rows-restoration-complete/report.json	22 timed native transitions max1777ms; 3scoped CDA Observations yield6component rows. Exact same-item value tuples match independent raw payloads in proposal, Apply and reload;6unique item identities stable across3native protocol snapshots. Exact original source population/route/columns/row definition and member IDs restored. Row preview/Cancel/Apply/reload, field preview/Cancel/Apply/reload/removal/reload, row editCancel/restoration/reload pass. Fixed parent boundary discovery/resolution and compiler authorization, with stale/owner/shared-witness Go regressions and full lifecycle/compilation tests. No unexpected HTTP/runtime/module/console errors; incidentalfavicon404 recorded. Nested second repeated boundary, empty-item policies and authored EXPAND remain separate behavior classes.
Composition	Add related fields after Pivot/Unpivot	untested	untested	untested	untested	untested	node scripts/verify-cda-related-field-after-unpivot-browser.mjs /tmp/loom-related-field-after-unpivot-current	/tmp/loom-related-field-after-unpivot-current/report.json; /tmp/loom-related-field-after-unpivot-bounded-candidates/report.json; /tmp/loom-related-field-after-unpivot-execute-file-current/report.json: bounded fixture unavailable, source frozen, no UI cases	Raw-query transport repaired: identical multi-bind query succeeds via execute-file. Current /tmp/loom-related-field-after-unpivot-execute-file-current/report.json is unverified before UI/API: no linked Patient with populated gender among first2000 scoped Specimens. Inspect bounded real populated fields and revise witness choice without changing retained-binding contract. No product pass/failure established; Pivot coverage remains separate.
Composition	Named cohort to authored Add columns	passed	passed	passed	passed	passed	node scripts/verify-cda-named-cohort-related-count-browser.mjs /tmp/loom-named-cohort-related-count-identity-restoration-lifecycle	/tmp/loom-named-cohort-related-count-identity-restoration-lifecycle/report.json: native COUNT Preview/Cancel/Apply, label edit Preview/Cancel/Apply, removal Preview/Cancel/Apply and reload passed; 18 timed checks, max2295ms, errors[]. Exact two-member scoped CDA oracle; cohort revision, selection, bindings and materialized IDs retained. Source/API build unchanged. Related ALL/COUNT edit probes use RELATED_SOURCE. Separate real-Arango empty-group regression fails: COUNT=1 expected0, /tmp/loom-cohort-filter-membership-corrected.log.	Fix empty-group COUNT phantom record; complete related ALL lifecycle and other upstream membership transition classes.
Table management	Create/rename/duplicate/reorder/delete/undo lifecycle	passed	passed	passed	passed	passed	rtk proxy node scripts/verify-cda-table-management-browser.mjs /tmp/loom-table-management-reload-fixed	/tmp/loom-table-management-reload-fixed/table-management-browser.json	14 timed native actions max705ms; reload max1677ms. Native create/renameCancel/rename/duplicate independent rename+exact source document preservation/reorder+Undo/deleteCancel/delete+Undo/reload pass. All mounted Specimen ID values independently witnessed by bounded raw project+generation queries. Fresh output/tab identity and complete authored clone bindings verified; cleanup retains baseline and native reload confirms exact one-record collection. No HTTP/runtime/console/module/dialog errors. Duplicate column/row-operation edits remain distinct composition cases.
Publication	Bounded direct Specimen IDs to published materialization and Viewer	passed	passed	passed	passed	passed	rtk proxy node scripts/verify-cda-publication-browser.mjs /tmp/loom-publication-verified-native	/tmp/loom-publication-verified-native/cda-publication-browser.json	Fresh owned Explorer; 3 independently scoped raw CDA Specimen IDs; automatic preview1446ms, native Publish350ms, independent ClickHouse129ms, native Viewer224ms, reload464ms; exact membership throughout; no unexpected browser errors; owned materialization retained. Transformed/composed publication remains untested.
Group records	Related Specimen/Patient/Observation rows; 31 witnesses; COUNT_ROWS to COUNT_DISTINCT; Cancel/Apply/edit/reload/removal	passed	passed	passed	passed	passed	rtk proxy node scripts/verify-cda-related-group-browser.mjs	/tmp/loom-related-group-wave-2/report.json	One group with 31 related records; multiple groups and missing-key policies remain separate
Filter rows	Group-generated key; missing/equality; Cancel/Apply/edit/reload; upstream removal warning and Cancel	passed	passed	passed	passed	passed	rtk proxy node scripts/verify-cda-related-group-browser.mjs	/tmp/loom-related-group-wave-2/report.json	24 native browser checks; max2215ms; zero runtime/HTTP errors; numeric summary filtering remains untested
Pivot	Related Specimen/Patient/Observation; 31 record-ID categories; Cancel/Apply/policy edit/removal/reload	passed	passed	passed	passed	passed	rtk proxy node scripts/verify-cda-related-pivot-browser.mjs	/tmp/loom-related-pivot-filter-wave-1/report.json	24 native browser checks; max2921ms; no runtime/HTTP errors; proposal cells and saved category set checked; category-field rediscovery remains untested
Filter rows	Pivot-generated category; missing/equality; Cancel/Apply/edit/reload; upstream removal warning and Cancel	passed	passed	passed	passed	passed	rtk proxy node scripts/verify-cda-related-pivot-browser.mjs	/tmp/loom-related-pivot-filter-wave-1/report.json	24 native browser checks; max2921ms; zero runtime/HTTP errors; category-field edits with dependent filters remain untested
Pivot	Edit category/grouping fields with dependent filter; automatic discovery; warning; Cancel/Apply/reload/removal	passed	passed	passed	passed	passed	node scripts/verify-cda-pivot-category-edit-browser.mjs /tmp/loom-pivot-category-edit-frozen-oracle-corrected	/tmp/loom-pivot-category-edit-final-3/report.json; /tmp/loom-pivot-proposal-order-integrated/report.json: current replay stops after category rediscovery Apply at positional visible-cell oracle. All preceding native transitions pass. Diagnosis pending whether harness column order expectation or product regression; historical pass retained.; /tmp/loom-pivot-category-edit-frozen-oracle-corrected/report.json: corrected stale expected-pair transpose, exact edited pair width and CDA association; complete27native checks PASS, no errors, watched sources unchanged. Candidate rediscovery warning/Cancel/Apply removes obsolete filter, population retained, edited/removal reloads restore expected results.	Full lifecycle covered. Wide virtualized category completeness is verified separately by wide Pivot reload; no exhaustive permutation claim.
Performance	Wide Pivot page reload during concurrent repository indexing	passed	passed	passed	passed	passed	node scripts/verify-cda-pivot-reload-browser.mjs /tmp/loom-pivot-wide-concurrent-gitnexus-current	/tmp/loom-pivot-category-edit-final-2/report.json; /tmp/loom-pivot-reload-single-stack/report.json; /tmp/loom-pivot-reload-wide32-full-labels-current/report.json: five quiet runs pass complete one-row32column horizontal sweep, 2910/2182/2251/2266/2199ms, unchanged source/workspace, no runtime/HTTP errors. Previous8cell initial-window evidence was incomplete and is superseded for quiet reload correctness.; /tmp/loom-pivot-wide-concurrent-gitnexus-current/report.json: complete32column horizontal sweep and exact CDA labels/values PASS for5reloads,2788/2263/2284/2883/2449ms, source1043unchanged, workspace unchanged, errors empty. Concurrent GitNexus1.6.12 full rebuild confirmed live using exec session97332 before browser session83600 and again after terminal browser pass. Original5335ms cause remains unknown; current exact loaded-table replay passes under live indexing.	Current loaded wide-table regression covered under quiet and concurrent indexing. Historical timing cause not established; no speedup or general concurrency claim.
Pivot	Saved category-field round trip; automatic preview and Cancel	passed	passed	passed	passed	passed	rtk proxy node scripts/verify-cda-pivot-category-cycle-browser.mjs	/tmp/loom-pivot-category-cycle-fixed/report.json	22 native checks; max2836ms; no runtime/HTTP errors; 34 component tests/typecheck pass. Applying the round trip and preserving dependent column bindings remain untested
Pivot	Apply category-field round trip with downstream filter	passed	passed	passed	passed	passed	rtk proxy node scripts/verify-cda-pivot-category-cycle-browser.mjs	/tmp/loom-pivot-cycle-refresh-fixed/report.json	24 native checks; max2626ms; saved construction and dependent filter preserved after Apply/reload; no runtime/HTTP errors. Refresh identity includes saved draft version even when digest is unchanged
Related records	Apply second expansion leaves old table without error	passed	passed	passed	passed	passed	LOOM_RELATED_APPLY_ONLY=1 node scripts/verify-cda-pivot-category-cycle-browser.mjs /tmp/loom-related-second-apply-reload-current	/tmp/loom-pivot-cycle-binding-fixed/report.json; /tmp/loom-related-second-apply-current/report.json: fresh exact two-hop regression passes, sourceFreeze1053 unchanged, native second Apply911ms, saved v5 with both expansions and matching reconcile/preview receipt, no runtime errors; /tmp/loom-related-second-apply-reload-current/report.json: current exact2expansion Apply and reload PASS. Reconcile/preview receipt/output identities checked, exact savedworkspace/version/digest preserved afterreload, all25displayed rows match independent31CDAwitnesses, source1045unchanged, noerrors, allactions<=1628ms. Historicalfailurecause remains unknown; current regressionpasses without claiming causal attribution.	Current original Apply symptom and reload verified. Broader related operation lifecycle is separately inventoried; preserve historical evidence without a root-cause attribution.
Verification infrastructure	Workspace reconciliation unit suite	passed	unproven	passed	unproven	unproven	rtk proxy node scripts/verify-builder-reconciliation.mjs /tmp/loom-builder-reconciliation-fixed	/tmp/loom-builder-reconciliation-fixed/report.json; /tmp/loom-builder-reconciliation-red/report.json; typecheck: npm run typecheck:tests --workspace @calypr/loom-ui (PASS)	Repaired stale workspace test fixtures only: current construction-choice proposal→Apply, row-settings entry points, explicit row-change preview→Apply, required COMPLETE discovery outcome, current column callback and stage-scoped capability response. All26contracts executePASS/noSKIP via .mjs; test TypeScript checkPASS. Preview sends no save command; atomic batch/receipt,pending command feedback, selection handoff and table-switch abort/late-response preservation asserted. This is unit infrastructure evidence, not a new native feature lifecycle or resolution of intermittent preview/performance failures.
Add columns	Group with 31 contributors; scalar source-field preview, Cancel, Apply, reload, removal and restoration	passed	passed	passed	passed	passed	rtk proxy node scripts/verify-cda-group-add-fields-browser.mjs	/tmp/loom-group-add-fields-final/report.json	16 native checks; max2153ms; raw CDA resource type and 31 contributor count preserved; exact construction restored after removal/reload. Go authoring/compilation and 24 PreviewTable tests pass; regression fails without renderer fix. Related contributor fields and ONE/ALL disagreement remain untested
Add columns	Group contributors; related Observation ID ALL on Specimen-Patient-Observation path	passed	passed	passed	passed	passed	rtk proxy node scripts/verify-cda-group-related-values-browser.mjs	/tmp/loom-group-related-values-fixed/report.json	16 native checks; max2128ms; flat31 raw CDA IDs, group count31, Cancel unchanged, Apply/reload/remove exact restoration; no runtime/HTTP errors. Related scalar ALL authorized on server-rederived route; root scalar guard retained. COUNT/PRESENCE remain separate gaps.
Add columns	Grouped sibling Specimens; ONE disagreement and repair to ALL	passed	passed	passed	passed	passed	rtk proxy node scripts/verify-cda-group-one-conflict-browser.mjs	/tmp/loom-group-one-repair-final/report.json	14 native checks; max2200ms; expected typed ONE disagreement leaves draft unchanged; retained selection switches to ALL, exact two source IDs, Apply/reload/remove restores Group. Only expected CONSTRUCTION_ROW_VALUE_MULTIPLE_VALUES422; no other errors. Same-label consumed source settings remain separate usability gap.
Columns	Final Group output membership; same-label added field removal	passed	passed	passed	passed	passed	rtk proxy node scripts/verify-cda-group-one-conflict-browser.mjs	/tmp/loom-group-column-settings-fixed/report.json	Native regression fails before fix (/tmp/loom-group-column-settings-before/report.json). Menu excludes consumed source and offers one added-field removal; 14 lifecycle checks,max2425ms,ONE repair/Apply/reload/removal exact restoration.25 PreviewTable tests and tsc pass. Hidden final outputs retained by component regression; native rename/hide/reorder remain separate gaps.
Add columns	Group contributors; related Observation ID COUNT on Specimen-Patient-Observation path	passed	passed	passed	passed	passed	rtk proxy node scripts/verify-cda-group-related-summary-browser.mjs	/tmp/loom-group-related-count-final/report.json	Two sibling Specimens yield 62 expansion rows and 31 distinct Observations. Native preview/Cancel/Apply/reload, label edit/Cancel/Apply/reload, removal and Group restoration pass; 23 timed checks, max 2559ms. COUNT after Pivot/Unpivot is now covered separately; remaining form/predicate combinations and full-population performance remain unverified.
Add columns	Group contributors; related Observation ID PRESENCE on Specimen-Patient-Observation path	passed	passed	passed	passed	passed	rtk proxy env LOOM_RELATED_FORM=PRESENCE node scripts/verify-cda-group-related-summary-browser.mjs	/tmp/loom-group-related-presence-complete/report.json	Native true preview/Cancel/Apply/reload/removal/restoration pass; 19 timed checks, max 2528ms. Saved-step edit covered separately by zero-match PRESENCE; semantic form/route edits remain unverified.
Add columns	Group contributors; exact predicate with no matching related records; COUNT zero	passed	passed	passed	passed	passed	rtk proxy env LOOM_RELATED_ZERO=1 node scripts/verify-cda-group-related-summary-browser.mjs	/tmp/loom-group-related-count-zero/report.json	Independent absent-ID predicate yields scalar 0 without dropping the Group row or changing its 62-row count. Preview/Cancel/Apply/reload/removal/restoration pass; 19 timed checks, max 3215ms. COUNT edit covered separately by positive case.
Add columns	Group contributors; exact predicate with no matching related records; PRESENCE false and saved-step edit	passed	passed	passed	passed	passed	rtk proxy env LOOM_RELATED_FORM=PRESENCE LOOM_RELATED_ZERO=1 node scripts/verify-cda-group-related-summary-browser.mjs	/tmp/loom-group-related-presence-zero-final/report.json	Scalar false preserves the Group row/count; native preview/Cancel/Apply/reload, label edit/Cancel/Apply/reload, removal and restoration pass; 23 timed checks, max 3264ms. Predicate/form/route replacement edits remain unverified.
Add columns	Group → UNPIVOT; related Observation ID COUNT	passed	passed	passed	passed	passed	rtk proxy env LOOM_SUMMARY_SHAPE=UNPIVOT LOOM_RELATED_FORM=COUNT node scripts/verify-cda-group-related-summary-browser.mjs	/tmp/loom-unpivot-related-count-lifecycle/report.json	29 timed checks,max2320ms. Independent CDA oracle; Cancel/Apply/reload, saved label edit/Cancel/Apply/reload, removal and exact shape restoration. Single-column Unpivot was falsely disabled; compiler capability now allows a public scalar column. Regression failed before fix.
Add columns	Group → PIVOT; related Observation ID COUNT	passed	passed	passed	passed	passed	rtk proxy env LOOM_SUMMARY_SHAPE=PIVOT LOOM_RELATED_FORM=COUNT node scripts/verify-cda-group-related-summary-browser.mjs	/tmp/loom-pivot-related-count-reselection-fixed/report.json	29 timed checks,max2347ms. Independent CDA oracle; Cancel/Apply/reload, saved label edit/Cancel/Apply/reload, removal and exact shape restoration. Same-field Pivot re-selection erased discovered categories; two unit regressions fail before fix and all 36 reshape tests pass after.
Add columns	Group → PIVOT; related Observation ID PRESENCE absent-ID predicate	passed	passed	passed	passed	passed	rtk proxy env LOOM_SUMMARY_SHAPE=PIVOT LOOM_RELATED_FORM=PRESENCE LOOM_RELATED_ZERO=1 node scripts/verify-cda-group-related-summary-browser.mjs	/tmp/loom-pivot-related-presence-zero-scroll-fixed/report.json	29 timed checks,max3123ms. Independent CDA oracle; Cancel/Apply/reload, saved label edit/Cancel/Apply/reload, removal and exact shape restoration. False preserves Pivot row. Native helper now recovers from dialog scrolling that clips a control inside viewport; overlay/disabled protections remain tested.
Upstream grouping edit	Remove visible grouping key with retained signed related COUNT	passed	passed	passed	passed	passed	rtk proxy env LOOM_UPSTREAM_GROUP_EDIT=1 node scripts/verify-cda-group-related-summary-browser.mjs	/tmp/loom-upstream-group-related-count-lifecycle/report.json	27 timed checks,max2543ms. Group becomes keyless without removing related summary; 62-row count and 31 distinct CDA Observations retained. Edit Cancel/Apply/reload, summary label edit/Cancel/Apply/reload and summary removal restore exact edited Group. No production fix needed.
Starting collection	Two-hop Observation → Specimen → incoming parent; unmapped repair, clear, native reattach, reload	passed	passed	passed	passed	passed	rtk proxy env LOOM_COLLECTION_LONG_ROUTE=1 node scripts/verify-cda-collection-repair.mjs	/tmp/loom-collection-long-route-lifecycle/report.json	9 checks,max2383ms. Raw source proves selected Specimen has no parent. Removing it preserves exact two-hop route directions and columns. Native clear renders scoped authorized Observation IDs; native reattachment preserves revised empty selection and exact connection after reload.
Starting collection	Clear selected collection beneath related expansion → Group → related COUNT; full CDA population	passed	passed	passed	passed	passed	rtk proxy env LOOM_COLLECTION_ROUND_TRIP=1 node scripts/verify-cda-group-related-summary-browser.mjs	/tmp/loom-group-related-collection-roundtrip-all-rows/report.json	27 native checks; max3233ms clearing collection. All25 virtualized preview groups independently checked for complete multiplicity and related counts; reattach, Cancel/Apply, reload, edit, removal pass; no runtime/HTTP errors. Exact group contributor window avoids742505-root enumeration; canonical sparse fallback/full execution retained. Arango regressions cover duplicate IDs/edges, multi-linked roots, null/unmatched groups, scope/auth, terminal Group, sparse candidate fallback. Prior RED: /tmp/loom-group-related-collection-timeout-regression/report.json. Other full-population shapes remain untested.
Named cohort member fields	Explicit cohort → Resource Type ALL; native Cancel/Apply/removal/reload	passed	passed	passed	passed	passed	rtk proxy node scripts/verify-cda-cohort-fields-browser.mjs	/tmp/loom-cohort-fields-ui-order-final/report.json	11 timed checks, max2026ms. Exact source values and final member-field position; row-definition Cancel preserves original rows; field Cancel preserves workspace; removal restores exact cohort document. Stable identity, FHIR-ID lookup, member-value reduction and saved/receipt/UI order fixed. Field/policy edit remains untested.
Named cohort member fields	Explicit cohort → two distinct Specimen IDs ALL; native lifecycle	passed	passed	passed	passed	passed	rtk proxy env LOOM_COHORT_FIELD=id node scripts/verify-cda-cohort-fields-browser.mjs	/tmp/loom-cohort-distinct-ids-ui-order-final/report.json	11 timed checks, max2010ms. Both independently read CDA IDs appear in the member-field cell, with exact last-column header after reload. Cancel/Apply/removal/reload pass. Real Arango regression covers authorization/project/generation, hashed keys, repeated values, empty/unassigned groups and ONE disagreement. Member-field edit and other selectors remain untested.
Named cohort composition	Saved source equality filter → explicit cohort → member fields	passed	passed	passed	passed	passed	rtk proxy env LOOM_COHORT_COMPOSITION=1 LOOM_COHORT_FILTER_ONE=1 LOOM_COHORT_FIELD=id node scripts/verify-cda-cohort-fields-browser.mjs	/tmp/loom-cohort-filter-composition-preview-fixed/report.json	11 native timed checks pass, max2007ms. Source equality filter selects one of two independently read CDA IDs; cohort preview/Cancel/Apply, member field preview/Cancel/Apply, field removal and reload preserve exact values and insertion boundary. Fixed typed-cohort scalar source identity injection and whole-input aggregation classification; exact receipt guards unchanged. Real Arango RootPageRows=1 regression proves both members survive composed source EXISTS filter → cohort. Other transition rows remain untested.
Named cohort policy edit	Saved member field → same cohort EXCLUDE policy; retain fields and insertion boundary	passed	passed	passed	passed	passed	rtk proxy env LOOM_COHORT_COMPOSITION=1 LOOM_COHORT_POLICY_EDIT=1 node scripts/verify-cda-cohort-fields-browser.mjs	/tmp/loom-cohort-policy-composition-first/report.json	15 native timed checks pass, max2181ms. Source EXISTS filter → cohort member field → EXCLUDE policy preview/Cancel/Apply/reload preserves exact selected fields, columns, construction and insertion boundary. Apply requires a fresh successful saved preview. Member field removal and reload restore policy-updated document.
Named cohort downstream filter	Cohort with member field → label MISSING → edit EXISTS → remove	passed	passed	passed	passed	passed	rtk proxy env LOOM_COHORT_COMPOSITION=1 LOOM_COHORT_POST_FILTER=1 node scripts/verify-cda-cohort-fields-browser.mjs	/tmp/loom-cohort-post-filter-exists-fixed/report.json	24 native timed checks pass,max2040ms. Group label MISSING preview/Cancel/Apply/empty-result reload, edit EXISTS preview/Apply/reload, removal preview/Apply/reload preserve cohort/member cells and exact document. Member field removal/reload also pass. Other backend-valid saved operators remain separately inventoried untested.
Named cohort starting collection	Source EXISTS filter → cohort with member field → full authorized CDA → original selected collection	passed	passed	passed	passed	passed	rtk proxy env LOOM_COHORT_COMPOSITION=1 LOOM_COHORT_COLLECTION_ROUND_TRIP=1 node scripts/verify-cda-cohort-fields-browser.mjs	/tmp/loom-cohort-collection-recovery-fixed/report.json	16 native timed checks pass,max2019ms. Exact pinned cohort values survive clearing to full CDA, reload, native selected-collection restoration and reload. Clear1922ms,reattach1043ms. Member field removal/reload also pass. Source selection recovered from validated pinned cohort; exact old-revision and scope/membership rejection tests pass7 cases.
Named cohort insertion point removal	Source EXISTS filter → cohort with member field → remove source filter	passed	passed	passed	passed	passed	rtk proxy env LOOM_COHORT_COMPOSITION=1 LOOM_COHORT_REMOVE_ANCHOR=1 node scripts/verify-cda-cohort-fields-browser.mjs	/tmp/loom-cohort-anchor-removal-fixed/report.json	16 native timed checks pass,max2013ms. Source filter removal preview/Cancel/Apply/reload preserves exact cohort member values, fields and policy while rebasing to source projection. Apply828ms. Member field removal/reload also pass. Atomic command clones receipt-validated construction and Rows; focused proposal/receipt guards pass.
Row action explanations	Desktop/mobile cards → related editor → close without saving	passed	passed	passed	passed	passed	LOOM_QA_EXPLORER=cohort-add-fields-browser-1790909921995 node scripts/verify-row-actions-clarity.mjs /tmp/loom-row-actions-clarity-timed-current	/tmp/loom-row-actions-records-and-fields/report.json; /tmp/loom-row-actions-clarity-timed-current/report.json	Native desktop/mobile rowactionmenu,relatededitoropen,close six timedtransitionsPASS244to295ms. Workspace/draftVersion/draftDigest unchanged across opens/close;sourceFreezeunchanged; noJS/HTTPerrors. Rowoperation behavior covered in separate feature lifecycles.
Related expansion after grouping	Group without scalar source identity → expand source contributors → onward exact related identity	passed	passed	passed	passed	passed	rtk proxy env LOOM_EXPAND_AFTER_GROUP=1 node scripts/verify-cda-group-related-summary-browser.mjs	/tmp/loom-grouped-related-expansion-virtualized-fixed/report.json	Native GREEN: 26 timed transitions, max 2045ms. Shared source contributors yield one Patient and 31 distinct onward Observations; full saved previews verify exact storage identities and stable rows after reload. Cancel, Apply, empty-policy edit, removal, reload passed; scoped Arango covers all three no-match policies. Adjacent related filtering checked separately.
Saved filter operator editing	Date/date-time source controls not reachable from current CDA catalog	untested	untested	untested	untested	untested	LOOM_DATE_PROOF_EXPLORER_ID=contributor-code-browser-1791042848739 node /tmp/loom-date-source-proof/date-catalog-source-proof.mjs	/tmp/loom-date-source-proof/date-catalog-source-proof.json	Bounded read-only probe:1000Patient+1000Observation source payloads contain zero birthDate/effectiveDateTime/valueDateTime witnesses; matching generation/auth-path profiler rows0; ownedBuilder GET200 has no matching candidates. Does not establish fixture-wide absence or a profiler defect. Native date lifecycle remains untested pending real source witness; generated types and compiler date operators exist.
Related filtering from grouped contributors	Group → filter by source contributors, directly and after related expansion	passed	passed	passed	passed	passed	rtk proxy env LOOM_EXPAND_AFTER_GROUP=1 LOOM_GROUPED_RELATED_FILTER=1 node scripts/verify-cda-group-related-summary-browser.mjs	/tmp/loom-grouped-related-filter-clone-fixed/report.json; /tmp/loom-grouped-related-filter-direct-fixed/report.json	Both native lifecycles GREEN: 42 timed transitions each, maxima2053ms/2032ms. EXISTS/ABSENT/distinct COUNT, Cancel/Apply/count edit/removal/reload pass. Root contributor support fixes initial422; deep-cloning function arguments prevents receipt fingerprinting from mutating COUNT execution metadata, fixing misleading409. Focused lower/server tests, full IR suite, scoped Arango exclusions/counts, UI tests pass. Broader source-record listing remains a separate gap.
Source records for a row	Standalone named cohort → member field → reload → inspect contributors	passed	passed	passed	passed	passed	node scripts/verify-cda-cohort-row-sources-browser.mjs /tmp/loom-cohort-row-sources-lineage-integrated	/tmp/loom-cohort-row-sources-lineage-integrated/report.json statuspassed: exact two independently scoped Specimen members traced by native inspector before/after adding retained cohort member field and reload. Pinned cohort revision/population bindings retained. Inspector576/560ms; slowest action2356ms; no runtime errors. Compiler/lower/IR/render/execution suites passed with dedicated standalone GroupRows lineage branch. Historical unavailable SOURCE reproduction /tmp/loom-cohort-row-sources-native/report.json is fixed.	Native cohort tracing fixed. Real-Arango TestStandaloneExplicitGroupRowLineagePagesAgainstArango passed in retained API container (/tmp/loom-cohort-lineage-arango-evidence.json): exact assigned/unassigned pages and hasMore, empty group found, revoked resource excluded, missing identity retained consistently with GROUP_ROWS, forged revision not found, stale source membership rejected. Fixture owns unique QA documents and cleans them. Other inspector shapes have separate coverage.
Scalar inequality filter	Saved NOT_EQUALS → edit/Cancel/Apply/remove → native creation/Cancel/Apply/remove/reload	passed	passed	passed	passed	passed	rtk proxy env LOOM_SAVED_FILTER_OPERATOR=NOT_EQUALS node scripts/verify-cda-filter-browser.mjs /tmp/loom-saved-not-equals-fixed	/tmp/loom-saved-not-equals-fixed/report.json	16 native timed transitions, maximum2047ms. Independent scoped CDA Specimen ID oracle; sole selected source excluded, equality edit restores it, Cancel preserves exact workspace; native creation persists typed NOT_EQUALS and removal restores source binding/population. No unexpected HTTP/runtime/module errors.
List membership filter	Saved filter edit/Cancel/Apply/remove → native positive/negative matching → Cancel/Apply/remove/reload	passed	passed	passed	passed	passed	rtk proxy env LOOM_SAVED_FILTER_OPERATOR=IN node scripts/verify-cda-filter-browser.mjs /tmp/loom-saved-in-mixed-values-fixed	/tmp/loom-saved-in-mixed-values-fixed/report.json	20 native timed transitions, maximum2154ms. Independent scoped CDA Specimen ID oracle. Two absent seed values exclude selected source; native list with absent+real ID matches it, removing real ID excludes it. Reopen preserves each typed item; list-item removal Cancel restores both; Apply/reload persists one item. No unexpected HTTP/runtime/module errors.
Text matching filter	Saved filter edit/Cancel/Apply/remove → native positive/negative matching → Cancel/Apply/remove/reload	passed	passed	passed	passed	passed	rtk proxy env LOOM_SAVED_FILTER_OPERATOR=CONTAINS_TEXT node scripts/verify-cda-filter-browser.mjs /tmp/loom-saved-contains-text-fixed	/tmp/loom-saved-contains-text-fixed/report.json	16 native timed transitions, maximum2152ms. Independent scoped CDA Specimen ID oracle. Absent text excludes selected source; native matching substring includes it. Reopen preserves typed string; equality edit, Cancel/Apply/removal and reload restore exact source binding/population. No unexpected HTTP/runtime/module errors.
Numeric comparison filter	Real Observation quantity → saved GT → native GT/GTE/LT/LTE boundaries → Cancel/Apply/reload/remove	passed	passed	passed	passed	passed	rtk proxy env LOOM_SAVED_FILTER_OPERATOR=GT node scripts/verify-cda-filter-browser.mjs /tmp/loom-saved-decimal-identity-boundaries-fixed	/tmp/loom-saved-decimal-identity-boundaries-fixed/report.json	28 native timed transitions, maximum2657ms. Independent scoped CDA payload.valueQuantity.value and exact FHIR ID both displayed and checked. GT equality excludes, lower threshold includes; GTE/LTE equality include and LT equality excludes. Every boundary edit passes preview/Cancel preserving workspace, Apply typed DECIMAL, reload; removal restores exact source binding/population. Date and integer controls are distinct remaining gaps.
Boolean comparison filter	Real Substance.instance → saved inequality → native true/false selector → Cancel/Apply/reload/remove	passed	passed	passed	passed	passed	rtk proxy env LOOM_FILTER_VALUE_TYPE=BOOLEAN LOOM_SAVED_FILTER_OPERATOR=NOT_EQUALS node scripts/verify-cda-filter-browser.mjs /tmp/loom-saved-boolean-identity-fixed	/tmp/loom-saved-boolean-identity-fixed/report.json	16 native timed transitions, maximum2032ms. Independent scoped CDA payload.instance=true plus exact FHIR ID displayed and checked. NOT_EQUALS true excludes, EQUALS true restores, native NOT_EQUALS false includes; false persists as typed BOOLEAN rather than missing. Reopen/Cancel preserves operator/value/workspace, Apply/reload/removal restores exact source columns/population.
Integer comparison after grouping	Source → grouped rows with integer count → filter count → edit/Cancel/Apply/remove/reload	passed	passed	passed	passed	passed	rtk proxy env LOOM_FILTER_VALUE_TYPE=INTEGER_GROUP LOOM_SAVED_FILTER_OPERATOR=GT node scripts/verify-cda-filter-browser.mjs /tmp/loom-grouped-integer-stage-fixed	/tmp/loom-grouped-integer-stage-fixed/report.json	32 native timed transitions, maximum2077ms. Independent scoped CDA Observation ID and sole selected membership prove grouped count1. Group preview/Cancel/Apply/reload; count-column stage discovery; saved filter reopen/edit-Cancel/Apply/removal; native GT0 then GTE/LT/LTE equality boundaries all pass. Typed INTEGER zero persists, exact public group ID/count rows verified, removal preserves full upstream Group and source columns/population. Initial loading-card click was a harness timing defect corrected with an enabled-control wait included in latency; descriptor input uses selectedStage.id.
Upstream Group edit with count filter	Group by FHIR ID → active count filter → global count → restore key → remove filter	passed	passed	passed	passed	passed	rtk proxy env LOOM_FILTER_VALUE_TYPE=INTEGER_GROUP LOOM_SAVED_FILTER_OPERATOR=GT LOOM_GROUP_FILTER_UPSTREAM_EDIT=1 node scripts/verify-cda-filter-browser.mjs /tmp/loom-grouped-integer-upstream-binding-fixed	/tmp/loom-grouped-integer-upstream-binding-fixed/report.json	39 native timed transitions, maximum2431ms. Independent scoped CDA ID/membership count; upstream key removal preview/Cancel/Apply/reload produces count-only row while LTE INTEGER1 predicate stays exact. Restoring key recovers same source binding and public ID/count values; surviving Count column retains exact identity/schema, new key has a valid new generated output ID. Final filter removal preserves restored Group exactly. Initial omitted-empty-keys and deleted/recreated-output-ID assertions were harness defects, not backend failures; both corrected before final GREEN.
Source records after Group	105 selected source records → Group → inspect/page/reload → Cancel removal → remove/reload	passed	passed	passed	passed	passed	rtk proxy node scripts/verify-cda-row-sources-browser.mjs /tmp/loom-row-sources-complete	/tmp/loom-row-sources-complete/report.json	Exact105 independently scoped Specimen IDs across5 native pages; stable row identity after reload; read-only workspace; Group preview/Cancel/Apply, removal preview/Cancel/Apply, source columns/bindings/population restored.22 timed actions max1934ms, no browser/HTTP/module errors. First post-backend run exposed offscreen Close in413px viewport; bounded scrollable dialog/sticky header fixed and native proved bounds16..397 and Close.5 focused compiler tests including scoped Arango paging/auth/project/generation/forged IDs passed;27 PreviewTable tests/typecheck passed. Other lineage operation classes remain open.
Coded-group source record lineage	105 selected Observations → component Coding groups → inspect shared specimen-type tuple	passed	passed	passed	passed	passed	rtk proxy env LOOM_LINEAGE_MODE=CODED_GROUP node scripts/verify-cda-row-sources-browser.mjs /tmp/loom-coded-row-sources-fixed	/tmp/loom-coded-row-sources-fixed/report.json	Native full lifecycle GREEN:105 independent scoped Observation IDs in specimen_type group across5 pages, exact three code/count rows, stable identity and read-only workspace after reload, missing-code policy edit EXCLUDE preview/Cancel/Apply/reload preserves matched identity/contributors, removal preview/Cancel/Apply restores authored columns/bindings/population.31 timed actions max4528ms, no errors. Executable .mjs first runs scoped Arango query regression for duplicate coding dedup, offsets0/1/2, valid missing tuples, auth/project/generation exclusions and forged/wrong-stage IDs, requiring PASS rather than SKIP. Fixed physical-vs-publication identity check, double offset and found:false/missing-tuple contributor query defect. RED:/tmp/loom-coded-row-sources-red/report.json. Multi-stage coded lineage remains separate.
Related-expansion source record lineage	Selected Specimen → one-hop Patient expansion → inspect both contributing records	passed	passed	passed	passed	passed	rtk proxy env LOOM_LINEAGE_MODE=RELATED_EXPAND node scripts/verify-cda-row-sources-browser.mjs /tmp/loom-related-row-sources-fixed	/tmp/loom-related-row-sources-fixed/report.json	Native full lifecycle GREEN: independently scoped one-hop Specimen->Patient edge agrees with exact saved row and both inspector contributor IDs. Preview/Cancel/Apply/reload, no-match policy EXCLUDE edit preview/Cancel/Apply/reload keeps matched identity/contributors, removal preview/Cancel/Apply restores source columns/bindings/population.19 timed actions max2025ms, no errors. Compiler lineage+related Arango suite passes, including EXCLUDE/PRESERVE_PARENT/ERROR fixture and forged IDs. Fixed physical-vs-publication identity check; root/direct/one-hop guards unchanged. RED:/tmp/loom-related-row-sources-red/report.json. Multi-hop/grouped/composed related lineage remains separate.
Source records after Group and filters	105 selected Specimens → Group by type → Count>104 → inspect/edit/exclude/remove filter	passed	passed	passed	passed	passed	rtk proxy env LOOM_LINEAGE_FILTER=1 node scripts/verify-cda-row-sources-browser.mjs /tmp/loom-group-filter-row-sources-fixed	/tmp/loom-group-filter-row-sources-fixed/report.json; RED /tmp/loom-group-filter-row-sources-red/report.json	Ordinary Group plus two typed Count filters passes62 native timed actions,max2051ms. Exact105 independently scoped contributors across5pages/stable identity; preview/Cancel/Apply/reload; edit first filter excludes group and oldID404/no contributors; intermediate removal retains later condition; final removal restores exact upstream Group, then source columns/population. Scoped Arango preflight executes50/50/5 pages,past-end,early/late filter exclusions,forged/wrong-stage and auth/project/generation witnesses. Non-count candidate compile regression and full AQL suite pass; other base operations/multi-hop remain separately unproven.
Add columns	Compound ALL semantic fields from one direct Specimen-to-Observation component frame	passed	passed	passed	passed	passed	rtk proxy node scripts/verify-cda-compound-fields-browser.mjs /tmp/loom-compound-fields-browser	/tmp/loom-compound-fields-complete/report.json	20 measured native actions max2301ms, no runtime/module/HTTP errors. Fresh direct component valueString frame and two signed ALL semantic choices; chooser Cancel preserves frame baseline; one atomic Add 2 batch matches independently scoped raw CDA arrays; reload, individual removal, empty-frame removal, reload, restoration and reload pass. Frame/column removal intentionally retains the separately authored optional relationship; rows/values/identity return to baseline. Broad zero/one/many ONE/ALL lifecycle remains untested. Earlier exact-workspace failure was an incorrect test assumption, not a demonstrated product bug.
Add columns	Related expansion chain to Group to related Observation ID ALL; upstream Group aggregate edit	passed	passed	passed	passed	passed	rtk proxy node scripts/verify-cda-group-related-values-browser.mjs /tmp/loom-group-related-values-browser	/tmp/loom-group-related-values-group-edit-complete/report.json	23 timed native checks max1998ms, no runtime/module/HTTP errors. Selected scoped Specimen→Patient→31 Observations, Group by Specimen ID and count; related ID ALL preview is a flat array exactly matching independent scoped edge witnesses. Field Cancel/Apply/reload; GROUP COUNT_ROWS→COUNT_DISTINCT active Observation ID preview/Cancel/Apply/reload preserves all31 projected IDs and exact column bindings; roundtripCOUNT_ROWS restores construction; field removal/reload restores originalGroup. Explicit root-related projection is distinct from active related record ID. Group key changes/removal and ONE disagreement remain untested; broad Group/cohort Add columns row remains open.
Table management	Delete only table; empty workspace; Undo and reload with restored Specimen ID values	passed	passed	passed	passed	passed	rtk proxy node scripts/verify-cda-last-table.mjs /tmp/loom-last-table-values-complete	/tmp/loom-last-table-values-complete/report.json	Native deletion1579ms and Undo948ms; exact authored workspace and nonempty pre-deletion displayed values restored after Undo/reload; no HTTP/runtime errors. Fixed disabled last-table controls and null documents in command response. Value preservation uses pre-deletion native values, not independent raw CDA oracle; broader table lifecycle remains open.
Table management	Click already-selected table after duplicate rename roundtrip	passed	passed	passed	passed	passed	rtk proxy node scripts/verify-cda-table-management-browser.mjs /tmp/loom-table-management-reload-fixed	/tmp/loom-table-management-reload-fixed/table-management-browser.json	Reproduced twice: same-table selection cleared preview without requery. Reducer preserves full state for same output; real switching still clears old preview. RED/GREEN focused18tests and TS checks pass. Native same-table clicks555ms/552ms retain ready preview and raw-witnessed source values; full table lifecycle now passes.
Table management	Reload after persisted table reorder warns of unsaved changes	passed	passed	passed	passed	passed	rtk proxy node scripts/verify-cda-table-management-browser.mjs /tmp/loom-table-management-reload-fixed	/tmp/loom-table-management-reload-fixed/table-management-browser.json	Persisted command responses now clear unsaved dirty flag; local edits retain dirty and pending commands protect navigation. RED/GREEN reducer test + TS checks pass. Native reorder, Undo reorder, Undo deletion reload without any beforeunload dialogs; maxreload1677ms. No unexplained HTTP/runtime errors.
Repeated rows	Parent component[] expansion discovered from authorized child field boundaries	passed	passed	passed	passed	passed	rtk proxy node scripts/verify-cda-repeated-rows-browser.mjs --evidence /tmp/loom-repeated-rows-restoration-complete	/tmp/loom-repeated-rows-restoration-complete/report.json	22 timed native transitions max1777ms; 3scoped CDA Observations yield6component rows. Exact same-item value tuples match independent raw payloads in proposal, Apply and reload;6unique item identities stable across3native protocol snapshots. Exact original source population/route/columns/row definition and member IDs restored. Row preview/Cancel/Apply/reload, field preview/Cancel/Apply/reload/removal/reload, row editCancel/restoration/reload pass. Fixed parent boundary discovery/resolution and compiler authorization, with stale/owner/shared-witness Go regressions and full lifecycle/compilation tests. No unexpected HTTP/runtime/module/console errors; incidentalfavicon404 recorded. Nested second repeated boundary, empty-item policies and authored EXPAND remain separate behavior classes.
Repeated rows	Nested second repeated boundary; sibling value remains bound to its outer item	passed	passed	passed	passed	passed	rtk proxy node scripts/verify-cda-nested-repeated-browser.mjs --evidence /tmp/loom-nested-repeated-final-native	/tmp/loom-nested-repeated-final-native/report.json	RED /tmp/loom-nested-repeated-label-fixed/report.json: nested coding rows got both outer component values. Typed repeated-ancestor lineage fixes nearest-parent sibling extraction. Final frozen-build fresh owned native full sibling lifecycle passes12 assertions22actionsmax1553ms, exact raw tuples/unique stable identities, Cancel/Apply/removal/reload and exact source restoration; no runtime errors. Full lower, IR, AQL render and Explorer compilation suites pass after retaining the typed root anchor independently of expanded row identity and correcting two stale assertions. Corrupted typed root anchor proofs are rejected by focused IR tests. Code/system projection and nested-to-outer edit remain untested separately.
Repeated rows	Missing component collection; PRESERVE_PARENT/EXCLUDE/ERROR policy lifecycle	passed	passed	passed	passed	passed	rtk proxy node scripts/verify-cda-repeated-empty-browser.mjs --evidence /tmp/loom-repeated-empty-full-native	/tmp/loom-repeated-empty-full-native/report.json	Fresh owned Explorer; 1 raw positive Observation with 2 distinct values and 3 missing-component owners; keep produces5 exact rows, exclude2 exact rows; expected EMPTY_COLLECTION_ERROR explains alternatives; repair Preview/Cancel remains actionable; exact RECORDS population/columns restored after reload. 22 actions max1644ms, no unexpected errors. Literal empty arrays unproven.
Expand operation	Authored EXPAND of a projected list column; edit/removal/reload	passed	passed	passed	passed	passed	node scripts/verify-cda-authored-expand-browser.mjs --evidence /tmp/loom-authored-expand-source-identity-fixed	/tmp/loom-authored-expand-source-identity-fixed/report.json; 14 assertions/14 timed actions, max1905ms. Independent three-root/six-component CDA oracle; actual protocol arrays and exact DOM values; native Preview/Cancel/Apply/reload/edit/reload/removal/reload pass. Unique __loom_row_id keyed by Observation/ordinal remains stable across Apply/reload/label edit. Exact original RECORDS, source bindings and population restored; no unexpected runtime/network/module errors; incidental favicon404 retained.	Projected ALL list EXPAND verified, distinct from base repeated row-definition. Empty-list policies and upstream compositions remain separate cases. Harness corrected presentation casing, list display formatting and authored-versus-source projection identities; no production fix required.
Repeated rows	Literal empty component array; policy lifecycle	untested	untested	untested	untested	untested			Bounded current CDA oracle found missing properties, not component: []; use a real independently scoped empty-array witness or explicit fixture coverage.
Repeated rows	Public recipe mixed-scope fallback selectors with nested expansion	passed	untested	passed	passed	passed	node scripts/verify-cda-mixed-scope-selectors.mjs	/tmp/loom-mixed-scope-distinct-collation-green/report.json; independent three-root/six-coding oracle, exact ordered ALL/FIRST and DISTINCT membership; initial and persisted-revision repeat200 in15/16ms. Typed per-selector source bindings fixed sibling leakage. Full lower, IR, AQL, compiler, Explorer compilation, server and GraphQL query suites pass.	Public recipe API coverage only; Builder field UI does not author fallback selectors. Native fallback lifecycle remains untested.
Publication	Expanded component rows to materialization and Viewer	passed	passed	passed	passed	passed	rtk proxy node scripts/verify-cda-expanded-publication-browser.mjs --evidence /tmp/loom-expanded-publication-first-native	/tmp/loom-expanded-publication-first-native/report.json	Fresh owned Explorer; 3 independently scoped raw CDA Observations produce6 exact component ID/value tuples. Native row preview/Cancel/Apply/reload, Publish366ms, ClickHouse138ms, Viewer229ms/reload445ms. Exact tuple membership and published __loom_row_id mapping agree with saved preview; source project/generation scoped. MaxUI1491ms; no unexpected errors; incidental favicon404 recorded; owned Explorer/materialization retained. Other Group/Pivot/cohort publication transitions remain untested.
Public recipe preview	Source-ID IN filter scans until backend timeout	passed	untested	passed	passed	passed	node scripts/verify-cda-mixed-scope-selectors.mjs --source-filter-only	/tmp/loom-mixed-scope-source-filter-green-authorized/report.json; source filter without saved population, full CDA source with indexed ID restriction, six independently checked coding rows; initial/repeated persisted recipe preview200 in15/12ms. Indexed document-ID predicate retains original FHIR predicate and scopes. Focused EQUALS/IN compiler tests and full lower suite pass; GraphQL503 adapter tests and server suite pass.	Specific source-ID IN timeout fixed; other full-population shapes and native source-filter lifecycle are separate coverage. Prior RED /tmp/loom-mixed-scope-red/report.json.
Public recipe preview	Saved selection population lacks runtime collection binding	passed	passed	passed	passed	passed	node scripts/verify-cda-mixed-scope-selectors.mjs	/tmp/loom-mixed-scope-distinct-collation-green/report.json; server-owned saved selection binding yields exact three-root/six-coding membership on initial and persisted-revision repeat200 in15/16ms. Authorization read/write regression and full server suite pass.	Public recipe saved-selection binding verified; native collection lifecycle covered separately. Other selection shapes remain untested.
Pivot	Related Observation quantity category discovery timeout	passed	passed	passed	untested	passed	env LOOM_QUANTITY_FULLPOP=1 node scripts/verify-cda-quantity-pivot-browser.mjs /tmp/loom-quantity-fullpop-permanent-oracle-fixed	/tmp/loom-quantity-category-full-population/report.json: agent reproduced native source text grouping + quantity code/value discovery on owned Specimen→Patient→Observation chain after clearing saved collection; HTTP503 CATEGORY_SCAN_TIMEOUT8283ms, action8866ms. Bounded collection discovery879ms in /tmp/loom-quantity-category-source-picker-fixed/report.json. User-reported timeout now executable; full category correctness and lifecycle remain unproven. Bounded complete NULL+d categories independently verified against all route-scoped Observations in /tmp/loom-quantity-category-bounded-oracle/report.json, discovery875ms; statuspartial explicitly retains missing lifecycle/full-population correctness. Captured complete AQL/EXPLAIN: /tmp/loom-category-query-capture.json and /tmp/loom-category-query-explain.json; indexes used, full source/stage arrays. Read-only streaming and stage-terminal dedup prototypes both killed at8s: /tmp/loom-category-stream-prototype-result.json and /tmp/loom-category-dedup-prototype-result.json. No production patch from these unsuccessful hypotheses. Indexed exact route-membership semijoin prototype returned complete NULL+d in1781ms wall/1403ms execution, peak memory5.0MB; /tmp/loom-category-membership-prototype-result.json. Temporary owned index removed by /tmp/loom-category-index-experiment.mjs finally (dropped:true). Six-field cold index build5293ms plus query1595ms exceeded5s; /tmp/loom-category-membership-cold-result.json. Existing four-field category index build1176ms plus query2093ms total3269ms returned same exact NULL+d; /tmp/loom-category-membership-fourfields-cold-result.json, temporary index removed. Prototype query evidence only; now followed by integrated compiler and native results below. Integrated guarded compiler unit + all compiler/lowering/IR/render/execution suites passed. Real-Arango fixture TestRelatedCategoryScanMatchesPreservedRowsAndCapsAfterEmptyWitnessAgainstArango passed inside retained API container, independently isolates both empty expansion stages and 256+NULL overflow. Actual compiled query /tmp/loom-related-category-compiled-result.json returned NULL+d in3620ms including1056ms cold owned index (removed). Native full-population /tmp/loom-quantity-category-fullpop-integrated/report.json HTTP200 complete, action3068ms; Independent complete raw-source oracle /tmp/loom-quantity-fullpop-source-oracle.json matched NULL+d across 778185 NULL and 37076 d candidate Observations, with exact scoped route membership and empty-parent witnesses, in1711ms. Full-population category correctness now proven for this case; native report remains partial until permanent oracle integration and lifecycle. Bounded lifecycle harness sequencing/virtualization/domain-reuse repairs in progress; no lifecycle pass yet. Pre-integration focused baseline: go test ./internal/dataframe/compiler -run TestCompileCategoryScan -count=1 passed; this does not exercise the new related-category optimization or close the timeout. Permanent native regression /tmp/loom-quantity-fullpop-permanent-oracle-fixed/report.json statuspassed: discovery2231ms; integrated raw full-population scoped route oracle agrees on NULL+d. This proves discovery correctness and latency only; Pivot Apply/edit/removal has its own still-open ordering regression.	Category discovery timeout fixed and regression passed. Finish bounded native Pivot lifecycle after presentation-order fix; keep high-cardinality category scans and restricted authorization variants as separate coverage.
Pivot	Apply renders categories before some group keys	passed	passed	passed	passed	passed	node scripts/verify-cda-quantity-pivot-browser.mjs /tmp/loom-quantity-pivot-order-fixed	/tmp/loom-quantity-pivot-order-fixed/report.json statuspassed: exact 31 raw scoped CDA rows, NULL+d categories, numeric SUM/ERROR previews, Cancel nonmutation, strict canonical group-key/category DOM order after Apply/reload, edit category label/reload, remove/restored source reload. Protocol row IDs match proposal after Apply and reload. 29 timed checks max2338ms; no HTTP/module/runtime errors. Focused PreviewTable 28/28 tests and TypeScript test compilation pass. Regression unit reproduced old order; explicit drag reorder updates saved source and terminal output order.	Ordering regression fixed; full-population category discovery has its separate passing oracle. User drag reorder persistence is unit-tested here; native table management covers general drag behavior, native Pivot-specific drag/reload remains additional coverage.
Contributor rules	Repeated coding ANY predicates from active related Patient anchor; one/many witnesses	passed	passed	passed	passed	passed	node scripts/verify-cda-active-related-contributor-any-browser.mjs /tmp/loom-active-related-contributor-any-scoped-witness	/tmp/loom-active-related-contributor-any-scoped-witness/report.json: 30 native checks, max3160ms; errors[]; source1047 unchanged. Independent scoped Specimen→Patient→Observation oracle; one and ten many witnesses. Repeated nested-code EXISTS/EQUALS ANY Preview/Cancel/Apply, PRESERVE_PARENT→EXCLUDE edit, removal Cancel/Apply and exact first-expansion restoration after reload. Zero witness absent in bounded first2000 Patients; no zero-cardinality claim for active anchor.	Zero active-anchor witness, duplicate codes within a selected Observation, and Coding.system correlation remain separate gaps.
Source records for a row	Multi-hop related expansion and Pivot contributor inspection	untested	untested	untested	untested	untested	pending feature-specific native verifier	Cohort and grouped/filter row inspection have separate passing regressions; these shapes are not established by them. Direct ordinary Pivot lineage backend integrated; full compiler/IR/AQL packages pass. Real Arango global unlisted/duplicate/missing policy regressions execute and pass: /tmp/loom-pivot-lineage-global-policy-arango-corrected.log. Initial fixture reserved output name null caused parser failure; changed physical name to null_value while retaining typed NULL category. Valid typed-group preimage paging also executed and passed: /tmp/loom-pivot-lineage-policy-and-pages-arango.log, exact contributor IDs/order, offsets0/1, past-end, hasMore and nonexistent identity isolation. This is backend evidence only, not a browser lifecycle pass.	Verify valid typed Pivot preimage pagination in real Arango, then native source inspection and reload with independent CDA contributor oracle. Composed Group/Pivot owner chains remain separate.
Contributor rules	ALL_MATCHES and EXISTS no-match policy repair lifecycle	passed	passed	passed	passed	passed	node scripts/verify-cda-contributor-exists-browser.mjs /tmp/loom-contributor-exists-no-retry-native	 /tmp/loom-contributor-exists-classified-native/report.json: raw zero/one/seven Observation witnesses; ALL_MATCHES Preview/Cancel; EXISTS ERROR returns actionable422 CONSTRUCTION_EXPANSION_EMPTY in980ms; enabled policy repair to PRESERVE_PARENT then EXCLUDE edit; Apply/Cancel/removal/reload exact values and retained source column identity; max timed action1887ms; only expected422, no unexpected errors. Native rerun /tmp/loom-contributor-exists-no-retry-native/report.json passes permanent assertion that nonretryable422 has no Retry preview while repair options stay enabled; max action1942ms. Focused UI19tests and TypeScript check pass.	Coded contributor predicates and alternate anchors remain separate gaps.
Add columns	Grouped coded column rename and removal with retained source binding	passed	passed	passed	passed	passed	node scripts/verify-cda-coded-field-lifecycle-browser.mjs /tmp/loom-coded-terminal-owner-full-lifecycle	/tmp/loom-coded-terminal-owner-full-lifecycle/report.json	21 native checks; max2419ms; independent25Specimens/fivevalues. ONE422 direct ALL repair, exact values, Cancel/Apply, terminal output rename via UPDATE_CONSTRUCTION_OUTPUT, source/frame/output identities preserved, reload, coded column/frame removal and exact Group restoration. PreviewTable29tests pass. Other coded families remain separate gaps.
Column presentation	Grouped row-value visibility ownership; hide/show/reload	passed	passed	passed	passed	passed	node scripts/verify-cda-coded-field-lifecycle-browser.mjs /tmp/loom-coded-group-visibility-native	/tmp/loom-coded-group-visibility-native/report.json	25 native checks max2521ms. Rename then hide/show each persisted via UPDATE_CONSTRUCTION_OUTPUT; source binding/presentation unchanged; exact25Specimen/fivecodedvalues retained evenwhenhidden; reload and removal restoregroup. Regression66127 reproduced inheritedhidden-source checkedmenu mismatch; shared effectivevisibility fix30componenttests pass, TypeScript53731 pass.
Contributor rules	Observation.valueQuantity.code EQUALS returned suggestion; zero/one/many; policy edit and removal	passed	passed	passed	passed	passed	node scripts/verify-cda-contributor-code-browser.mjs /tmp/loom-contributor-quantity-code-corrected-native	/tmp/loom-contributor-quantity-code-corrected-native/report.json	21 lifecycle checks; max3169ms. Independent raw payload and scoped Specimen→Patient→Observation identities confirm all31 many-witness records and matching subset. Native suggestion selection; Preview/Cancel/Apply/reload; PRESERVE_PARENT→EXCLUDE edit; removal Cancel/Apply restores source construction, population, bindings and presentation. Repeated coding predicates and alternate anchors remain separate gaps.
Source records for a row	Three Related expansions; repeated occurrences; last-step and upstream cascade removal	passed	passed	passed	passed	passed	node scripts/verify-cda-composed-row-lineage-browser.mjs /tmp/loom-composed-row-lineage-removal-complete-window	/tmp/loom-composed-row-lineage-removal-complete-window/report.json; React-key RED /tmp/loom-composed-row-lineage-native-unit1-current-proposal/report.json	29 timed checks,max4228ms; no browser/HTTP errors and1049watchedsourcefiles unchanged. Independent scoped raw4contributors include repeatedSpecimen/Patient, exclude routeObservationbridge; exact row identity after reload. Native laststep removal Preview/Cancel/Apply/reload leaves3contributors and exact2stepconstruction; firststep cascade Preview/Cancel/Apply/reload restores1selectedroot and SINGLEinspector withoutlineageAPI. Complete virtualized25rowwindow collected byordinal; small restoredrow exact. Group/Pivot inspection remains separate. Reactkey component RED then31PreviewTabletests+tscGREEN.
Named cohort upstream edits	Cohort member field followed by Filter rows; immutable membership replacement	passed	passed	passed	passed	passed	node scripts/verify-cda-cohort-membership-revision-browser.mjs /tmp/loom-cohort-membership-source-mode-final	/tmp/loom-cohort-membership-revision-native-source-restored/report.json; /tmp/loom-cohort-membership-revision-native-filter-cap-fixed/report.json; /tmp/loom-cohort-filter-inspector-fix/root-acceptance.json; /tmp/loom-cohort-membership-filter-inspector-fixed/report.json; /tmp/loom-cohort-membership-source-mode-final/report.json	Verified23native timedchecks,max1984ms; sourceFreeze1052unchanged; exact scoped raw2Specimen oracle. Cohort member field plus GroupLabel filter retain source inspection; immutable2to1member revision Preview/Cancel/Apply,reload,inspection,removeFilter/removeField/removeCohort,reload restores original selectedsource. Restricted-auth/forged/filtered-out member semantics separately proven in realArango fixture. Other member-array filters and Group/Pivot lineage ownership remain separate open cases.
Pivot	Native drag of generated Pivot column; reload, edit, and removal	passed	passed	passed	passed	passed	node scripts/verify-cda-quantity-pivot-native-drag-browser.mjs /tmp/loom-pivot-native-order-dom-corrected	/tmp/loom-pivot-native-drag-header-fixed/report.json: Preview/Cancel/Apply correct against 31 scoped raw CDA rows, all recorded checks <=1802ms, source unchanged. Native CDP drag generated zero drag events and no presentation command; geometry/hit-testing diagnosis pending. Earlier attempts exposed verifier return/header bugs, corrected. This does not yet establish a product failure. /tmp/loom-native-drag-diagnosis/diagnosis.json: trusted native drop of d on first Specimen ID list item, rowIndex=0, clientY=489 above midpoint=501.078, handler prevents default; rendered order remains Specimen ID,d,Patient instead of d,Specimen ID,Patient. This separately reproduces an ordering defect after correcting offscreen input. Evidence correction: diagnostic POST captured status but not response version/digest; GET was not synchronized with accepted command. Observed old order after 1.5 seconds is insufficient to establish saved-state failure or five-second latency failure. Treat ordering/persistence as suspected until corrected recorder proves it. Synchronized confirmation: /tmp/loom-native-drag-diagnosis/diagnosis.json now captures POST command response draftVersion10 with unchanged digest, followed by GET at the same version/digest. Pivot group-key Table.Order is discarded while d retains order0. /tmp/loom-pivot-drag-order-source-review/ROOT_CAUSE.md traces reconstruction from input instead of declared group-key presentation. Staged regression is RED before and GREEN after the narrow fix; integration/native rerun pending. Full-package acceptance /tmp/loom-pivot-group-key-order-fix/root-package-check.log fails TestUpgradeDocumentToConstructionMigratesAndReloadsLegacyShape: preserving stale declared label blocks upstream rename. Proposed patch not integrated; correction in progress.; /tmp/loom-pivot-group-key-order-fix/root-corrected-package.log: corrected stable-ID source-owned label propagation plus terminal Table preservation passes full authoring package; integrated.; /tmp/loom-pivot-native-drag-ownership-fixed/report.json: trusted dragstart/dragover/dragend but NO drop, so this run does not exercise saved ordering after fix. Source1052unchanged, independent raw previews/apply passed, geometry source405px in413pxviewport suggests drag autoscroll.; /tmp/loom-pivot-native-drag-desktop-fixed/report.json: measured1280x1000 still NO trusted drop; mandatory drop assertion fails before ordering check, source1052unchanged, previews/apply passmax2123ms. Focused input diagnosis assigned; no claim post-fix savedorder verified.; /tmp/loom-pivot-native-drag-paced-final/report.json: trusted drop occurred, draft7 saved d.order0 Specimen.order1 remaining2to5; rendered header ordering remains incorrect. This reproduces separate frontend presentation defect after backend saved-order fix. Evidence correction: failureUI in pacedfinal already shows D first, matching saved order; verifier line685 compared JSON string to array literal, alwaysfalse. Root and UIworker source review confirms finaloutput order precedence; no demonstrated frontend merge defect. Assertion corrected; /tmp/loom-pivot-native-drag-assertion-fixed run pending.; /tmp/loom-pivot-native-drag-assertion-fixed/report.json: native drag2424ms and reload2163ms PASS with exact raw values/IDs and correct persisted/rendered order. Editing d label fails proposal: candidate changes earlier pivot_source step before changed step; edit/removal remainder fails.; /tmp/loom-pivot-helper-and-category-order-native-current/report.json: frozen-source run fails edited proposal header order; request now preserves saved table order, proposal preview still renders physical column order. Drag/reload and proposal readiness pass, remainder untested.; /tmp/loom-pivot-native-order-dom-corrected/report.json: full native Preview/Cancel/Apply/drag/reload/edit/Apply/reload/remove/reload PASS. Independent scoped CDA values and row identities match, errors empty, 1043 watched files unchanged. Maximum recorded action 2417ms. Candidate presentation now orders proposal headers and cells; verifier distinguishes physical API order from saved display order.	Covered lifecycle; expand by distinct composition behavior rather than repeating this sequence.
Related records	Related expansion with repeated scalar ANY contributor predicates	passed	passed	passed	passed	passed	node scripts/verify-cda-repeated-contributor-any-browser.mjs /tmp/loom-repeated-contributor-any-wire-fixed	/tmp/loom-repeated-root-acceptance/backend-evidence.json; /tmp/loom-repeated-root-acceptance/full-go.log; /tmp/loom-repeated-contributor-any-integrated/report.json; /tmp/loom-repeated-contributor-wire/root-acceptance.json; /tmp/loom-repeated-contributor-any-wire-fixed/report.json	26native lifecycle checks PASS,max3002ms,source1052unchanged,noJS/HTTPerrors. Independent bounded raw12Patient witnesses zero/one/many,21Observation records; nestedcode Exists/Equals ANY, Preview/Cancel/Apply/editEmptyPolicy/reload/removeCancel/removeApply/sourceRestoration verified. Literalcode only, no Coding.system correlation. DuplicatecodeswithinoneObservation absent from selected CDAwitnesses and explicitly uncovered; realArango duplicate/primitive selectors backend proof separate. Alternate active anchors and repeated Eligibility remain separate open cases.
Group records	Remove source-backed Group row value while preserving Group and earlier expansions	passed	passed	passed	passed	passed	node scripts/verify-cda-related-one-all-browser.mjs /tmp/loom-group-row-value-removal-integrated	/tmp/loom-related-one-all-adoption-integrated/report.json: native ALL repair Apply/reload exact values succeed, but Columns menu has no Remove for Group row-value output. Source confirms backend REMOVE_COLUMN already removes associated binding/output while retaining Group.; /tmp/loom-group-row-value-removal-integrated/report.json: repairStatuspassed, overallunverifiedONLY missingzero-match rawwitness. Native Remove plus reload restores exact Group construction/source columns/membership/rawcounts; originalvalue absent. Watched1045files unchanged, nounexpectederrors. Focused UIregression RED then32/32PASS andtscPASS. Removal case independentlypassed; broaderzero/one/many claim remainsunverified.	Removal lifecycle covered for source-backed Group values; generated key/aggregate removal is a separate operation, not an authored source REMOVE_COLUMN.
Composition	Retain related Patient ID array through Unpivot, then add same-route Patient ID COUNT	passed	passed	passed	passed	passed	LOOM_RELATED_AFTER_UNPIVOT_CASE=id-count node scripts/verify-cda-related-field-after-unpivot-browser.mjs /tmp/loom-related-id-count-unpivot-dom-values-current	/tmp/loom-related-id-count-unpivot-dom-values-current/report.json:31native checksPASS, Preview/Cancel/Apply/edit/remove/reload. Exact declaredheaders and every renderedcell match independent scopedCDA IDs/arrays/COUNT. Raw selectedSpecimen->Patient count1 reread, stableUNPIVOT consumed/retained outputIDs checked, source1047unchanged, nounexpectederrors. No non-ID field or restricted-auth claim.	Non-ID relatedfields afterUnpivot remainseparate; defaultgender case reportsboundedmissingwitness.
Join	Restore disabled workflow; keys, unmatched rows, duplicates, composed operations	untested	untested	untested	untested	untested	pending verifier	User request 2026-10-03: temporary disabled controls must be restored and tested; no runtime proof yet.	After current bug pass, restore workflow and add independent CDA native lifecycle regression.
Append	Restore disabled workflow; column alignment, types, nulls, composed operations	untested	untested	untested	untested	untested	pending verifier	User request 2026-10-03: temporary disabled controls must be restored and tested; no runtime proof yet.	After current bug pass, restore workflow and add independent CDA native lifecycle regression.
Source records for a row	Direct ordinary Pivot; reserved physical name, edit/removal and typed source inspection	passed	passed	passed	passed	passed	LOOM_COMPOSED_LINEAGE_MODE=DIRECT_PIVOT node scripts/verify-cda-composed-row-lineage-browser.mjs /tmp/loom-direct-pivot-null-name-complete-lifecycle	/tmp/loom-direct-pivot-null-name-complete-lifecycle/report.json: 21 timed checks max2654ms; native physical output name null, rename to direct_status Preview/Cancel/Apply/reload, exact typed identities and raw scoped contributor tuples before/after edits/reload; removal Preview/Cancel/Apply/reload restores exact raw source rows. No unexpected errors; source/API build unchanged. Backend reserved-name Arango projection and typed Pivot policy/pagination proofs also pass. Full UI suite 58files/524tests passed in /tmp/loom-builder-current-full-ui-tests.log.	Composed Group/Pivot owner chains, multiple grouping keys and additional category/value types remain separate.
Named cohort composition	Empty declared named cohort to related COUNT/ALL; zero-member preservation	passed	passed	passed	passed	passed	LOOM_CDA_NAMED_COHORT_EMPTY_GROUP=1 node scripts/verify-cda-named-cohort-related-count-browser.mjs /tmp/loom-named-cohort-empty-group-native-ready	Original failure: /tmp/loom-cohort-filter-membership-corrected.log; query probe: /tmp/loom-empty-cohort-subquery-array-probe.log; native red runs: /tmp/loom-named-cohort-empty-group-native-ready/report.json and /tmp/loom-named-cohort-empty-all-native-red/report.json. Fix enumerates each compiler-owned contributor key, resolves that document, then applies normal scope and traversal checks. The empty-cohort real-Arango regression passes: /tmp/loom-keyset-empty-cohort-arango.log; zero-contributor and existing-root zero-match parity for COUNT 0, PRESENCE false, and ALL [] passes: /tmp/loom-keyset-all-zero-cases-arango.log. Native COUNT 0 (/tmp/loom-named-cohort-empty-count-keylookup/report.json) and ALL [] (/tmp/loom-named-cohort-empty-all-keylookup/report.json) lifecycles pass with exact scoped Observation oracles, revision identities, Preview/Cancel/Apply/edit/removal/reload, and source/API guards. Each has 18 timed checks; maximum action times were 2333 ms and 2271 ms.	Add native lifecycle coverage for nonempty roots with zero matches and PRESENCE; verify negative scope guards for typed key lookup.
Cell trace	Named cohort member field with object row identity and authored projection	passed	untested	passed	passed	passed	node scripts/verify-cda-cohort-row-sources-browser.mjs /tmp/loom-cohort-cell-trace-exact-tuples-native	Receipt-bound CellTrace API correctness passed for saved/reloaded named-cohort Preview: the exact object row identity, physical column, output and same Preview receipt were used; response binding matched project, explorer, generation and source scope; contributor tuples matched the independent FHIR oracle. The browser natively opened Builder row identity/source inspection, then called /cell-trace directly. Generic Builder Preview cells expose no Explain action. Published Viewer has a separate native Explain action: scripts/loom-dev.mjs J05 checks a family-cell explanation and J04 checks the related-maximum source details; those published-receipt paths do not prove draft Preview cell tracing. Exact contributor and saved/reloaded ALL checks pass in /tmp/loom-cohort-cell-trace-exact-tuples-native/report.json.	Draft Builder cell-explain interaction is not exposed and remains a product follow-up if in scope; do not mark this API proof as native Preview cell-action coverage. ONE/repeated-value, beyond-one-page pagination, and edit/removal trace states remain open.
Named cohort composition	Change starting collection beneath member field and authored filter	passed	passed	passed	passed	passed	LOOM_COHORT_SOURCE_COLLECTION_CHANGE=1 node scripts/verify-cda-cohort-membership-revision-browser.mjs /tmp/loom-cohort-source-collection-change-complete	Compiler and execution suites pass: /tmp/loom-population-mapping-corrected-tests.log. Exact routed-cohort Arango regression passes: /tmp/loom-population-mapping-routed-corrected.log. Native report /tmp/loom-cohort-source-collection-change-complete/report.json passes 28 timed actions, max2018ms, errors[] and unchanged source/API guards. Coverage200: selected2, mapped1, emitted1, unmapped1. Native child selection creation201 plus SET_TABLE_POPULATION200 saves the one-member scoped source. Raw membership confirms the exact surviving Specimen. Reload retains cohort revision/EXCLUDE, filter, member field and object identity; removing filter/field/cohort and reloading restores the one-member source. Earlier response-body capture omission was fixed before this complete run.	Other starting-collection routes and composed operations remain separate coverage.
Group records	Two records; recorded-code pair plus ordinary status key; edit/removal/restoration	passed	passed	passed	passed	passed	LOOM_VERIFY_OUTPUT=/tmp/loom-coded-group-status-context-fixed node scripts/verify-compound-coded-group.mjs differential	Earlier failure /tmp/loom-coded-group-status-differential-context-diagnostic/compound-coded-qa-1791069973760.json: CREATE_TABLE draft 0→1 plus the native default-ID command draft 1→2 made the configured-column-context request at v1 obsolete; its 409 preceded collection actions and external API status changes. The Builder now waits for first-table ID provisioning before resolving context; 10/10 focused tests pass in /tmp/loom-first-table-context-integrated-tests.log. Corrected native run /tmp/loom-coded-group-status-context-fixed/compound-coded-qa-1791071330817.json has failures[], max1625ms, exact scoped two-Observation values, Preview/Apply/edit/removal/Cancel/reload, and unchanged source/API guards.	The two-record coded/status lifecycle passes. Other grouping keys and multi-record contributor cases remain separate.
Named cohort member-field policy edit	Edit a saved named-cohort member field between ONE and ALL; retain its column identity	passed	passed	passed	passed	passed	node scripts/verify-cda-cohort-row-sources-browser.mjs /tmp/loom-cohort-policy-edit-native-complete	"41 timed steps, max2619ms, errors[]; API build and 1057-file source freeze unchanged. The two-member explicit Specimen cohort retains the same pinned revision, population, source field, stable columnId and physical column through saved ALL→ONE→ALL edits, Undo, and reload. ONE scalar ""Specimen"" and ALL [""Specimen""] match the independent raw two-Specimen oracle; receipt-bound API CellTrace tuples match the same two scoped contributors. A separate ONE field previews, cancels, applies, reloads, removes, and reloads. Changing a distinct Specimen ID field to ONE returns 422 CONSTRUCTION_ROW_VALUE_MULTIPLE_VALUES with the visible Keep All unique values message; saved ALL draft version/digest, source and population remain unchanged, confirmed after reload. CellTrace was queried through the receipt-bound API after native row inspection; generic draft cell Explain is not exposed; published Viewer Explain is separate."	Generic draft cell Explain is not exposed; other member-field families remain separate.
Named cohort member fields	Two-member explicit Specimen cohort; add duplicate-label ONE field beside retained ALL; remove and reload	passed	passed	passed	passed	passed	node scripts/verify-cda-cohort-row-sources-browser.mjs /tmp/loom-cohort-one-policy-native-verified-removal	20 timed steps, max2911ms, errors[]; independently scoped raw CDA oracle contains exactly two Specimen IDs and Resource Type values. Native ONE preview/cancel/apply/reload yields the exact scalar Specimen and contributor tuple set; the existing ALL binding and [Specimen] value remain exact. Removing the duplicate-label ONE field and reloading preserves ALL. API build and 1052-file source freezes are unchanged.	Saved ONE↔ALL policy editing is verified in row 108. This case verifies initial ONE creation/removal; CellTrace checks use the receipt-bound API, so generic draft cell Explain is not exposed.
Related records	Mixed sibling Condition/Observation/Specimen COUNTs on one selected Patient; native chooser, Apply, reload, removal and restoration	passed	passed	passed	passed	passed	node scripts/verify-cda-mixed-sibling-count-browser.mjs /tmp/loom-mixed-sibling-count-native-cancel-complete	15 timed checks, max3327ms, errors[], source/API freezes unchanged. A ready Condition COUNT proposal cancels without changing the complete workspace, draft version or digest; reload preserves baseline columns and values. Reselect/Apply, Observation and Specimen COUNTs, reload, three removals and final restoration match exact scoped raw counts 1/2/2. Only deterministic source columnId and empty-construction migration are allowed in the final whole-workspace comparison. This RELATED_SOURCE StageSequence case does not prove legacy PhysicalSet optimizer coverage.	This RELATED_SOURCE StageSequence case passes; legacy SourceAggregate coverage is recorded separately in row 112, and Group/Pivot composition remains separate.
Publication	Locked NCPI BRCA cohort through physical materialization, GraphQL values, and public column order	passed	passed	passed	passed	untested	scripts/acceptance-real.sh	Full locked acceptance run 8c302d38bf076209 passes: Docker Compose reports acceptance PASSED, including the 17-column contract and native Viewer/Builder checks. Physical and GraphQL output has 100 rows and exact non-null counts against the scoped raw CDA oracle: age 98, diagnostic method 88, days to death 6, earliest/latest collection day 100, tumor/normal specimen count 100. The prior f279 run had correct inner values but failed outer column order; the metadata order fix is now verified by this complete run. Cleanup status 0 and volumes_removed=true. Evidence: /tmp/loom-acceptance-evidence/8c302d38bf076209/report.json, /tmp/loom-acceptance-metadata-order-fixed.log, /tmp/loom-acceptance-evidence/8c302d38bf076209/wrapper-cleanup.json. The expanded-component publication variant in row 84 remains a separate result.	Retain the separate expanded-component result; extend this locked fixture only for new source behavior, rather than treating this run as proof of unrelated compositions.
Related records	Legacy SourceAggregate COUNTs on sibling Condition/Observation/Specimen routes; compact-viewport native authoring, reload, removal and restoration	passed	passed	passed	passed	passed	node scripts/verify-cda-sourceaggregate-mixed-sibling-count-browser.mjs /tmp/loom-sourceaggregate-mixed-sibling-native-complete	Nine timed checks, max2144ms, errors[]; at the previously failing 756x413 viewport, native graph selection adds exact legacy SourceAggregate COUNT columns on the three subject_Patient sibling routes. The independently scoped project loom_dev_cda_fhir / generation cda-fhir-v1 raw oracle expects distinct counts Condition=1, Observation=2, Specimen=2; previews match. Reload retains all three; direct REMOVE_COLUMN commands then reload restore the exact original Patient workspace and rendered row. Source/API build freezes and protected-Explorer guard pass. The verifier uses direct add/remove commands and reads Preview values; it does not test a staged Preview/Cancel/Apply transaction. RED: /tmp/loom-sourceaggregate-mixed-sibling-native/report.json reproduced the Show orphans checkbox label intercepting the Specimen-node click at 756x413. GREEN: /tmp/loom-sourceaggregate-mixed-sibling-native-complete/report.json passes after GuidedGraphWorkspace moved that checkbox from an absolute overlay inside the graph viewport into the header controls. This top-level PhysicalSet SourceAggregate result is separate from RELATED_SOURCE StageSequence row 110 and does not cover Group/Pivot.	The direct sibling SourceAggregate lifecycle passes; Group/Pivot SourceAggregate compositions remain separate.
