id	status	classification	source_path	current_line	historical_source_anchor	current_behavior	likely_owner	replacement_recommendation	source_evidence	closure_evidence
E001	CLOSED	User-action	ui/packages/loom-ui/src/features/ExplorerBuilder/BuilderWorkspace.tsx	427	ui/packages/loom-ui/src/features/ExplorerBuilder/BuilderWorkspace.tsx:430	Persist selected output ID to sessionStorage after selection.	selectTable command plus a small storage adapter; keep storage failure non-blocking.	Persist the output ID in the select-table command that owns the user choice; keep storage best-effort and outside render.	Action-owned manual selection and successful CREATE_TABLE/DUPLICATE_TABLE/selected DELETE_TABLE completion; local duplicate/delete fallback preserved. Focused tests and TypeScript pass; native tables case passes all required checks, max1076ms, no unexpected errors.	/tmp/loom-selected-table-event-owner-dialog-fixed.json.tables; source fingerprint5d8ab7552022b1006b866c78496e89b51104abd044c3b5afd6097320b61c6323 unchanged1120files
E002	CLOSED	External query/subscription	ui/packages/loom-ui/src/react.tsx	177	ui/packages/loom-ui/src/features/ExplorerBuilder/BuilderWorkspace.tsx:552	Load configured interpretation context for the current table, snapshot, and draft.	Configured-context query owner: useResolveConfiguredColumnContextsQuery.	CLOSED: BuilderWorkspace reads configured context from the useQuery/resourceFor owner through useResolveConfiguredColumnContextsQuery; the hook exposes a useSyncExternalStore snapshot.	AbortController plus active flag fence stale responses; BuilderWorkspace.addColumnsSource.unit.test.tsx:1371-1447 checks first-table timing.	Replacement owner at ui/packages/loom-ui/src/react.tsx:177 (called from BuilderWorkspace.tsx:564). Real compound-coded browser report /tmp/loom-coded-group-effect-free-context/compound-coded-qa-1791073952586.json has failures=[]; 12 timings were recorded, maximum 1519 ms. Focused UI run /tmp/loom-effect-free-context-integrated-tests.log passed 4 files and 52 tests; parent also reported the full 530-test suite passed.
E003	CLOSED	Render-derived	ui/packages/loom-ui/src/features/ExplorerBuilder/constructionWorkspace/appliedChoicePreview.ts	21	ui/packages/loom-ui/src/features/ExplorerBuilder/BuilderWorkspace.tsx:737	Reuse an applied-choice preview only when its request identity and accepted receipt still match.	Pure matchesAcceptedChoicePreview identity predicate at the automatic-preview reuse boundary.	CLOSED: Keep cache validation at the reuse boundary; do not mirror identity changes into an effect-driven reset.	matchesAcceptedChoicePreview validates owner, output, limit, snapshot, receipt ID, intent digest, preview output, and rows; appliedChoicePreview.unit.test.ts:42-59 covers reuse and mismatch rejection.	The applied-choice invalidation effect is absent. BuilderWorkspace.tsx:2218-2226 reads and consumes the candidate only after the exact identity predicate; constructionWorkspace/appliedChoicePreview.ts:21-41 implements that predicate. appliedChoicePreview.unit.test.ts:42-59 covers acceptance and stale owner/output/limit/snapshot/receipt/digest/output/rows rejection.
E004	OPEN	Props-sync	ui/packages/loom-ui/src/features/ExplorerBuilder/BuilderWorkspace.tsx	737	ui/packages/loom-ui/src/features/ExplorerBuilder/BuilderWorkspace.tsx:749	Abort row-change preview and clear pending preview state when table, snapshot, or draft identity changes.	Row-change preview request lifecycle; reset from the owning context-change action.	Have the row-change preview request owner replace/abort work as its context key changes and expose only the keyed pending result; do not mirror context props into cleanup state.	The effect aborts the request and clears its pending result when output/snapshot/draft identity changes; request dispatch and explicit replacement aborts are at BuilderWorkspace.tsx:1457-1540. No focused context-change test was found.	—
E005	OPEN	Props-sync	ui/packages/loom-ui/src/features/ExplorerBuilder/BuilderWorkspace.tsx	741	ui/packages/loom-ui/src/features/ExplorerBuilder/BuilderWorkspace.tsx:753	Abort any choice proposal and reset proposal state when catalog or draft context changes.	Proposal request owner / context-keyed proposal state.	Key proposal state and cancellation to catalog/draft identity in the proposal request owner so an old request cannot remain applicable after context changes.	Controller is aborted and request ref cleared; BuilderWorkspace.reconciliation.unit.test.tsx:1010-1100 keeps an in-flight choice proposal alive across ordinary rerenders.	—
E006	OPEN	Props-sync	ui/packages/loom-ui/src/features/ExplorerBuilder/BuilderWorkspace.tsx	777	ui/packages/loom-ui/src/features/ExplorerBuilder/BuilderWorkspace.tsx:789	Clear operation family, selected columns, history selection, and edited step on table or Explorer change.	Table/Explorer selection reducer transition.	Move the coordinated operation/column/history/editor reset into the table-or-Explorer selection reducer transition.	Resets four coordinated local states; ConstructionReshapeLifecycle.unit.test.tsx:211-240 covers editor context reset.	—
E007	OPEN	Props-sync	ui/packages/loom-ui/src/features/ExplorerBuilder/BuilderWorkspace.tsx	814	ui/packages/loom-ui/src/features/ExplorerBuilder/BuilderWorkspace.tsx:826	Drop a paired-column suggestion when table, snapshot, or row root changes.	Catalog context state keyed by output/snapshot/root.	Store the paired suggestion with its output/snapshot/root key and derive whether it is actionable from the current key.	Suggestion carries table/snapshot identity and is cleared on context change; stale suggestion can otherwise remain actionable.	—
E008	OPEN	User-action	ui/packages/loom-ui/src/features/ExplorerBuilder/BuilderWorkspace.tsx	836	ui/packages/loom-ui/src/features/ExplorerBuilder/BuilderWorkspace.tsx:848	Apply a review focus target by selecting its table and occurrence.	Review navigation command handler that dispatches selectTable/selectOccurrence.	Handle review navigation in the review command path by dispatching table and occurrence selection together, with a request ID to ignore superseded navigation.	The effect translates a focus request into reducer actions; a request arriving after render can select a different table than the current user choice.	—
E009	OPEN	User-action	ui/packages/loom-ui/src/features/ExplorerBuilder/BuilderWorkspace.tsx	868	ui/packages/loom-ui/src/features/ExplorerBuilder/BuilderWorkspace.tsx:880	Scroll to and focus the target control after review navigation renders.	Review-focus component/ref callback that owns imperative focus and scrolling.	Keep a pending focus target in the review-navigation command and consume it through the target control’s callback ref after mount; avoid timers and document-wide selectors.	Uses setTimeout(0), global querySelector and aria labels; cleanup only cancels the timer, so markup/label drift can silently miss the target.	—
E010	CLOSED	Props-sync	ui/packages/loom-ui/src/features/ExplorerBuilder/BuilderWorkspace.tsx	938	ui/packages/loom-ui/src/features/ExplorerBuilder/BuilderWorkspace.tsx:910	Copy a handed-off population selection into local selection state and clear the variant error.	BuilderWorkspace active-population selection projection and action-owned override.	CLOSED: derive the active handoff from populationSelection directly and apply only a context-keyed, action-produced override; do not mirror the changing prop into state.	Effect copies prop state into local state; selection can lag one commit or reset an edit if the handoff ID is unstable.	At BuilderWorkspace.tsx:938-940, activePopulationSelection selects the current override or the handed-off prop/query result directly. BuilderWorkspace.reconciliation.unit.test.tsx covers handed-off selection precedence over an attached collection; parent reports 28 focused tests and typecheck passed. Native report /tmp/loom-cohort-source-collection-effect-free/report.json passed 28 cases (maximum 1987 ms), errors=[], sourceFreeze unchanged across 1057 watched files, API build unchanged.
E011	CLOSED	External query/subscription	ui/packages/loom-ui/src/react.tsx	213	ui/packages/loom-ui/src/features/ExplorerBuilder/BuilderWorkspace.tsx:918	Resolve the source selection for an attached or saved cohort, then load its revision.	Population-selection query owner: useResolvePopulationSelectionQuery.	CLOSED: resolve attached or saved-cohort selections in the useQuery/resourceFor owner keyed by table/catalog identity; publish only identity-validated results and keep request cancellation in the owner.	Validates output, snapshot, generation, project, and resource type; BuilderWorkspace.reconciliation.unit.test.tsx:1367-1410 resolves an old selection after the context changes.	The query owner at react.tsx:213 resolves the attached revision or performs the scoped cohort-choice lookup before loading its source selection; BuilderWorkspace passes project, explorer, authorization path, snapshot, generation, output, resource type, and attached/cohort identities. BuilderWorkspace.reconciliation.unit.test.tsx covers stale interrupted table loads, saved-cohort source restoration, missing metadata, and handed-off selection precedence; parent reports 28 focused tests and typecheck passed. Native report /tmp/loom-cohort-source-collection-effect-free/report.json passed 28 cases (maximum 1987 ms), errors=[], sourceFreeze unchanged across 1057 watched files, API build unchanged.
E012	OPEN	Props-sync	ui/packages/loom-ui/src/features/ExplorerBuilder/BuilderWorkspace.tsx	998	ui/packages/loom-ui/src/features/ExplorerBuilder/BuilderWorkspace.tsx:1027	Abort and reset choice-proposal state when selected source or operation family changes.	Source/family selection action invalidating the proposal lifecycle.	Invalidate proposal work in the source/family selection transition; keep cancellation and candidate clearing in the proposal owner keyed by that selection.	Effect aborts the active request and clears its ref/state; without it an old source proposal can remain applicable.	—
E013	OPEN	External query/subscription	ui/packages/loom-ui/src/features/ExplorerBuilder/components/CatalogSelectionDialog.tsx	191	ui/packages/loom-ui/src/features/ExplorerBuilder/components/CatalogSelectionDialog.tsx:191	On dialog mount, request coverage for up to four shortest-route choices.	Catalog selection query hook triggered by dialog open.	Start coverage lookup from the dialog-open command and expose request state keyed by the selected routes; closing the dialog cancels the owned request.	Runs automatically with an empty dependency list and cancels stored requests on unmount; opening the dialog starts network work without a choice click.	—
E014	OPEN	Props-sync	ui/packages/loom-ui/src/features/ExplorerBuilder/components/ColumnSelector.tsx	95	ui/packages/loom-ui/src/features/ExplorerBuilder/components/ColumnSelector.tsx:95	Initialize the editable label draft from the selected column label.	Controlled label editor or state initializer keyed by column identity.	Key the label draft editor by selected column identity and reset through the selection action; preserve compiler identity separately from the editable label.	Effect overwrites local draft whenever column.label changes; ColumnSelector.unit.test.tsx:1421-1538 protects label edits from changing compiler identity.	—
E015	OPEN	User-action	ui/packages/loom-ui/src/features/ExplorerBuilder/components/ColumnSelector.tsx	554	ui/packages/loom-ui/src/features/ExplorerBuilder/components/ColumnSelector.tsx:554	Populate the search query when a parent asks to focus a column.	Focus/search action handler that sets the query as part of the navigation command.	Treat the parent focus request as a search-focus command handled by the query input owner, with an acknowledged request ID so it cannot replay over user typing.	A focus prop is consumed after commit; absent an acknowledgement it can be replayed or race with a user-entered query.	—
E016	OPEN	External query/subscription	ui/packages/loom-ui/src/features/ExplorerBuilder/components/ConceptCatalog.tsx	603	ui/packages/loom-ui/src/features/ExplorerBuilder/components/ConceptCatalog.tsx:603	Reset catalog selection/page state on context change and load the first page.	ConceptCatalog request/state hook keyed by contextKey.	Make catalog context changes an explicit context transition, then read the first page from a context-keyed catalog query store; preserve selection across page/search updates.	Combines destructive local reset with loadPage and abort cleanup; ConceptCatalog.unit.test.tsx:918-954 requires selections to survive ordinary pagination/search.	—
E017	OPEN	User-action	ui/packages/loom-ui/src/features/ExplorerBuilder/components/ConceptCatalog.tsx	619	ui/packages/loom-ui/src/features/ExplorerBuilder/components/ConceptCatalog.tsx:619	Consume a one-shot paired-column suggestion request, validate identity, and select its exact item for Add.	Suggestion receipt handler in the parent/catalog action flow.	Consume the paired-suggestion receipt in the selection command, after checking request ID and output/snapshot identity; keep Add an explicit user action.	Deduplicates by requestId and checks output/snapshot before selecting; ConceptCatalog.unit.test.tsx:271-319 and :508-567 keep Add explicit and table-specific.	—
E018	OPEN	Props-sync	ui/packages/loom-ui/src/features/ExplorerBuilder/components/ConceptCatalog.tsx	690	ui/packages/loom-ui/src/features/ExplorerBuilder/components/ConceptCatalog.tsx:690	Apply an initial field selection once a matching field item is loaded, unless the user already selected something.	Selection initializer keyed by initialFieldSource / catalog context.	Initialize selection from the matching loaded field in the catalog state transition and record that request as consumed; reset consumption only when the initial-selection identity changes.	One-shot ref and nonempty-selection guard preserve user changes; if the props identity changes, current code never resets the guard.	—
E019	OPEN	External query/subscription	ui/packages/loom-ui/src/features/ExplorerBuilder/components/ExplicitGroupAuthoring.tsx	78	ui/packages/loom-ui/src/features/ExplorerBuilder/components/ExplicitGroupAuthoring.tsx:78	Load source-selection members for explicit-group authoring.	Explicit-group source query hook / selection-page loader.	Load explicit-group members through a query owner keyed by the chosen source revision and retain its visible loading/error result.	AbortController prevents accepting an obsolete selection response; failures install an empty edit state with a visible error.	—
E020	OPEN	Props-sync	ui/packages/loom-ui/src/features/ExplorerBuilder/components/FeaturePolicyEditor.tsx	56	ui/packages/loom-ui/src/features/ExplorerBuilder/components/FeaturePolicyEditor.tsx:56	Initialize feature-policy mapping and unknown-value drafts from the current policy.	Feature policy form initializer keyed by column and saved policy revision.	Key policy drafts by column and saved-policy revision, with an explicit user-visible discard/reset action when that identity changes.	Effect replaces local draft on current/column changes; an unrelated parent refresh can discard unsaved edits.	—
E021	OPEN	Props-sync	ui/packages/loom-ui/src/features/ExplorerBuilder/components/FeaturePolicyEditor.tsx	688	ui/packages/loom-ui/src/features/ExplorerBuilder/components/FeaturePolicyEditor.tsx:688	Initialize contributor ID, operator, and value controls from the current condition.	Contributor condition form initializer keyed by saved condition identity.	Keep contributor condition controls in a keyed draft reducer initialized on condition selection; do not overwrite an in-progress edit on unrelated object refresh.	Copying current props into three fields can erase a pending edit when the current object identity changes.	—
E022	OPEN	Render-derived	ui/packages/loom-ui/src/features/ExplorerBuilder/components/InterpretationPanel.tsx	113	ui/packages/loom-ui/src/features/ExplorerBuilder/components/InterpretationPanel.tsx:113	Choose the first applicable interpretation library when the current selection is no longer valid.	Derived selected-library value or library-change reducer action.	Choose the first applicable library as a render-derived fallback (or in the library-selection action) rather than committing a second render through state.	The fallback is fully computable from applicableLibraries and selectedLibraryId; effect adds a render before the fallback is visible.	—
E023	OPEN	Props-sync	ui/packages/loom-ui/src/features/ExplorerBuilder/components/InterpretationPanel.tsx	118	ui/packages/loom-ui/src/features/ExplorerBuilder/components/InterpretationPanel.tsx:118	Invalidate a ready interpretation review when column, draft, output, or snapshot identity changes.	Review state keyed by exact request identity / context-change action.	Key interpretation review receipt state by column/draft/output/snapshot identity and derive availability from that key.	Review state is reset on identity changes; InterpretationPanel.unit.test.tsx:101-181 exercises receipt-backed review and unavailable states.	—
E024	OPEN	External query/subscription	ui/packages/loom-ui/src/features/ExplorerBuilder/components/PopulationPanel.tsx	83	ui/packages/loom-ui/src/features/ExplorerBuilder/components/PopulationPanel.tsx:83	Search population routes for the active table and collection selection.	Population route query hook keyed by output/snapshot/selection revision.	Move route search to a query owner keyed by output, snapshot, and collection selection revision; keep cancellation and response identity checks with the owner.	Uses both AbortController and epoch plus response identity checks; PopulationPanel.unit.test.tsx:78-226 covers route choice and attached-route preservation.	—
E025	OPEN	Props-sync	ui/packages/loom-ui/src/features/ExplorerBuilder/components/PopulationPanel.tsx	126	ui/packages/loom-ui/src/features/ExplorerBuilder/components/PopulationPanel.tsx:126	Advance report epoch and clear coverage/error when receipt or selection identity changes.	Coverage query state keyed by receipt and exact selection revision.	Key coverage state directly by receipt and exact selection revision so old reports cannot be displayed under a new selection.	Deferred old reports are ignored in PopulationPanel.unit.test.tsx:240-258; removing the epoch reset can let prior coverage render for a new selection.	—
E026	OPEN	External query/subscription	ui/packages/loom-ui/src/features/ExplorerBuilder/components/PreviewTable.tsx	165	ui/packages/loom-ui/src/features/ExplorerBuilder/components/PreviewTable.tsx:157	Abort row-lineage lookup when preview receipt or output changes.	Preview lineage request owner in PreviewTable or a keyed lineage query hook.	Make lineage lookup a receipt/output-keyed query owned by PreviewTable data state; retain cancellation and never publish lineage under another preview key.	Cleanup aborts lineageAbortRef on receipt/output transition; stale lineage must not be shown for another preview.	—
E027	OPEN	External query/subscription	ui/packages/loom-ui/src/features/ExplorerBuilder/components/RowDefinitionSettingsPanel.tsx	245	ui/packages/loom-ui/src/features/ExplorerBuilder/components/RowDefinitionSettingsPanel.tsx:245	Cancel the row-proposal debounce timer, abort its request, and advance its epoch on context change.	Row-definition proposal lifecycle/query hook.	Move debounce, abort, and epoch ownership into a keyed row-proposal request scheduler; keep automatic preview and cancellation behavior covered by the existing regression.	RowDefinitionSettingsPanel.unit.test.tsx:398-446 covers automatic preview and cancellation; :725-775 checks saved-draft proposal expiry.	—
E028	OPEN	Props-sync	ui/packages/loom-ui/src/features/ExplorerBuilder/components/RowDefinitionSettingsPanel.tsx	251	ui/packages/loom-ui/src/features/ExplorerBuilder/components/RowDefinitionSettingsPanel.tsx:251	Mark proposal state stale when the saved table, snapshot, or draft no longer matches the request.	Proposal state machine keyed by table/snapshot/draft identity.	Represent proposal freshness as a comparison of the proposal key with current table/snapshot/draft identity; derive stale status instead of synchronizing it afterward.	isCurrentProposal and identity comparisons prevent applying a proposal for an older draft; RowDefinitionSettingsPanel.unit.test.tsx:725-775 asserts expiry.	—
E029	OPEN	External query/subscription	ui/packages/loom-ui/src/features/ExplorerBuilder/components/TableShapeEditor.tsx	96	ui/packages/loom-ui/src/features/ExplorerBuilder/components/TableShapeEditor.tsx:96	Accept category-discovery loading/completion only for the currently pending Pivot pair.	Pivot discovery request/result state machine.	Make Pivot discovery a request/result transition keyed by the pending category/value pair; accept a result only through that keyed transition.	Checks pair identity against latest form and pending request; TableShapeEditor.unit.test.tsx:434-487 rejects replayed discoveries.	—
E030	OPEN	Props-sync	ui/packages/loom-ui/src/features/ExplorerBuilder/components/TableShapeSettingsPanel.tsx	112	ui/packages/loom-ui/src/features/ExplorerBuilder/components/TableShapeSettingsPanel.tsx:112	Mark open table-shape proposal stale after contextKey changes.	TableShapeSettingsPanel proposal controller keyed by contextKey.	Derive proposal freshness from contextKey and disable stale actions from that value; reload is an explicit user command.	Source message explicitly says table, snapshot, or draft changed and requires Reload; stale proposals must stay disabled.	—
E031	OPEN	External query/subscription	ui/packages/loom-ui/src/features/ExplorerBuilder/components/virtualization.ts	60	ui/packages/loom-ui/src/features/ExplorerBuilder/components/virtualization.ts:60	Measure viewport and subscribe to scroll/resize changes for virtualization.	Existing viewport/virtualization hook with callback-ref ownership.	Attach viewport measurement and scroll/resize subscriptions through the scroll-host callback ref; let the virtualization owner publish a snapshot and dispose observers/listeners when the ref detaches.	Attaches scroll listener and ResizeObserver and cleans both up; virtualization.unit.test.ts:39-56 verifies subscription on conditional mount.	—
E032	OPEN	External query/subscription	ui/packages/loom-ui/src/features/ExplorerBuilder/constructionOperations/CodedPivotEditor.tsx	89	ui/packages/loom-ui/src/features/ExplorerBuilder/constructionOperations/CodedPivotEditor.tsx:89	Load root coded-source choices for Coded Pivot.	Coded Pivot source query hook keyed by table/root/search/cursor.	Load root coded-source pages through a query owner keyed by table/root/search/cursor, preserving direct-root filtering and stale-request cancellation.	AbortController guards source pages; response is filtered to direct root-resource sources before selection.	—
E033	OPEN	External query/subscription	ui/packages/loom-ui/src/features/ExplorerBuilder/constructionOperations/CodedPivotEditor.tsx	111	ui/packages/loom-ui/src/features/ExplorerBuilder/constructionOperations/CodedPivotEditor.tsx:111	Load coded semantic inventory for the selected source and query/cursor.	Coded Pivot category query hook keyed by source choice and query page.	Load semantic inventory through a source/query/cursor-keyed query owner; merge only pages belonging to the active source key.	Aborts superseded lookup and merges pages by cursor; stale source results must not populate a new source.	—
E034	OPEN	Render-derived	ui/packages/loom-ui/src/features/ExplorerBuilder/constructionOperations/CodedPivotEditor.tsx	140	ui/packages/loom-ui/src/features/ExplorerBuilder/constructionOperations/CodedPivotEditor.tsx:140	Build and validate a Coded Pivot candidate from source, selected categories, and policies, then report it upward.	Pure candidate builder plus the relevant input/action handler.	Build and validate the Coded Pivot candidate as a pure render selector; publish it through the user input transition that changes the candidate rather than emitting undefined on initial render.	Schema safeParse protects the emitted candidate; effect runs on dependency changes rather than only on user action, so invalid/initial renders can emit undefined.	—
E035	OPEN	Props-sync	ui/packages/loom-ui/src/features/ExplorerBuilder/constructionOperations/ConstructionCombineEditor.tsx	267	ui/packages/loom-ui/src/features/ExplorerBuilder/constructionOperations/ConstructionCombineEditor.tsx:267	Keep the latest onCandidateChange callback in a ref.	useLatest/useEvent callback ref helper or direct callback closure.	Remove the passive “latest callback” ref synchronization: pass the current callback with the event/action that invokes it, or place callback dispatch in the parent-owned command.	Effect updates the ref after commit; an event between render and passive effect can call the previous parent callback.	—
E036	OPEN	Props-sync	ui/packages/loom-ui/src/features/ExplorerBuilder/constructionOperations/ConstructionCombineEditor.tsx	270	ui/packages/loom-ui/src/features/ExplorerBuilder/constructionOperations/ConstructionCombineEditor.tsx:270	Reset Combine draft from editingStep or empty initial state.	Editor reducer/initializer keyed by editing step identity.	Key the Combine draft by editing-step identity and update it through an explicit step-change/reset transition; include all fields that define the draft identity.	Dependency watches only editingStep.id while draftFromStep reads the full step; same-ID prop updates can leave the draft stale.	—
E037	OPEN	Render-derived	ui/packages/loom-ui/src/features/ExplorerBuilder/constructionOperations/ConstructionCombineEditor.tsx	278	ui/packages/loom-ui/src/features/ExplorerBuilder/constructionOperations/ConstructionCombineEditor.tsx:278	Report the built Combine intent to the parent whenever it changes.	Derived candidate state consumed by parent or explicit draft-change action.	Keep built Combine intent as derived editor state and let the parent consume it through the editing command, rather than a passive callback after each render.	Callback is a passive-effect side effect on built.intent; parent state can lag editor state by a commit.	—
E038	OPEN	Props-sync	ui/packages/loom-ui/src/features/ExplorerBuilder/constructionOperations/ConstructionOperationEditor.tsx	782	ui/packages/loom-ui/src/features/ExplorerBuilder/constructionOperations/ConstructionOperationEditor.tsx:782	Reset Filter form/step ID and clear candidate when editor context changes.	Operation-family/table context action; key the editor state by contextKey.	Key the Filter editor state by operation-family/table context and reset candidate state in the owning context transition.	Effect makes a new opaque step ID and clears parent candidate after the new context is rendered.	—
E039	OPEN	Props-sync	ui/packages/loom-ui/src/features/ExplorerBuilder/constructionOperations/ConstructionOperationEditor.tsx	1063	ui/packages/loom-ui/src/features/ExplorerBuilder/constructionOperations/ConstructionOperationEditor.tsx:1063	Initialize Calculation form and generated IDs for a new editor context; clear prior candidate.	Operation-family/table context action; key the editor state by contextKey.	Key Calculation form and generated IDs by editor context; create/reset them in the context transition and clear candidate intent there as one operation.	Form and two IDs are synchronized together; missing one on context transition can preserve stale output references.	—
E040	OPEN	Props-sync	ui/packages/loom-ui/src/features/ExplorerBuilder/constructionOperations/ConstructionOperationsPanel.tsx	287	ui/packages/loom-ui/src/features/ExplorerBuilder/constructionOperations/ConstructionOperationsPanel.tsx:287	Set selected source to the current default source key when table/snapshot changes.	Source-selection action or initializer keyed by output/snapshot.	Derive the default source from output/snapshot and make source changes explicit; avoid copying a derived default into independently mutable state.	Effect copies a derived default into local state; invalid/stale keys can flash or persist for one render.	—
E041	OPEN	External query/subscription	ui/packages/loom-ui/src/features/ExplorerBuilder/constructionOperations/ConstructionOperationsPanel.tsx	291	ui/packages/loom-ui/src/features/ExplorerBuilder/constructionOperations/ConstructionOperationsPanel.tsx:291	Reset selected intention and request table-shape capabilities for the current draft.	Existing capability query state in ConstructionOperationsPanel; split context reset into its owning action.	Have the draft-context transition reset intention and request capabilities through a request owner keyed by exact output/snapshot/draft identity.	AbortController guards stale response and outputId is checked; ConstructionOperationsPanel.unit.test.tsx exercises exposed operation choices.	—
E042	OPEN	Render-derived	ui/packages/loom-ui/src/features/ExplorerBuilder/constructionOperations/ConstructionReshapeEditor.tsx	1557	ui/packages/loom-ui/src/features/ExplorerBuilder/constructionOperations/ConstructionReshapeEditor.tsx:1557	Auto-fill category outputs when a completed Pivot discovery matches a changed category/value pair.	Pivot form reducer action that consumes a validated discovery result.	Consume a validated Pivot discovery result in the form reducer keyed by pair/value identity; preserve the separate automatic/manual ownership sets.	Separate automatic/manual identity sets prevent repeated overwrite; ConstructionReshapeLifecycle.unit.test.tsx:153-240 protects chooser choice and context reset.	—
E043	OPEN	External query/subscription	ui/packages/loom-ui/src/features/ExplorerBuilder/constructionOperations/ConstructionReshapeEditor.tsx	1606	ui/packages/loom-ui/src/features/ExplorerBuilder/constructionOperations/ConstructionReshapeEditor.tsx:1606	Debounce and request Pivot category discovery from the current pair/group keys.	Existing onDiscoverCategories request hook keyed by requestKey.	Move debounce and discovery request lifetime to the keyed discovery scheduler; preserve pair and draft identity checks before accepting results.	250 ms timer is canceled on key change; useConstructionLifecycle.unit.test.tsx:261-310 binds discovery to pair and draft identity.	—
E044	OPEN	External query/subscription	ui/packages/loom-ui/src/features/ExplorerBuilder/constructionOperations/ConstructionReshapeEditor.tsx	2267	ui/packages/loom-ui/src/features/ExplorerBuilder/constructionOperations/ConstructionReshapeEditor.tsx:2267	Load root coded-source choices for Group Coded Value.	Group Coded Value source query hook.	Load Group Coded Value root sources through a table/root-keyed query owner and retain visible loading/error state.	Abort and loading/error state are tied to table/root identity; stale source list can misbind saved categories.	—
E045	OPEN	External query/subscription	ui/packages/loom-ui/src/features/ExplorerBuilder/constructionOperations/ConstructionReshapeEditor.tsx	2282	ui/packages/loom-ui/src/features/ExplorerBuilder/constructionOperations/ConstructionReshapeEditor.tsx:2282	Load semantic inventory for current coded source/query/cursor.	Group Coded Value inventory query hook.	Load inventory pages through a source/query/cursor-keyed query owner; separate source lookup errors from inventory-page errors where the state allows it.	AbortController and cursor-aware replace/append protect current result page; error state is shared with source loading.	—
E046	OPEN	External query/subscription	ui/packages/loom-ui/src/features/ExplorerBuilder/constructionOperations/ConstructionReshapeEditor.tsx	2307	ui/packages/loom-ui/src/features/ExplorerBuilder/constructionOperations/ConstructionReshapeEditor.tsx:2307	Reauthorize saved coded category identities by searching exact source/system/code and update the form.	Saved-coded-reference hydration query hook/state machine.	Reauthorize saved coded references through an exact-source query owner keyed by binding/path/system/code; retain unavailable saved keys as explicit state.	Exact binding/path/system/code checks plus AbortController prevent silent remapping; catch records unavailable saved keys.	—
E047	OPEN	External query/subscription	ui/packages/loom-ui/src/features/ExplorerBuilder/constructionOperations/RelatedEligibilityEditor.tsx	172	ui/packages/loom-ui/src/features/ExplorerBuilder/constructionOperations/RelatedEligibilityEditor.tsx:172	Abort paginated eligibility-choice request when target, stage, or anchor changes.	Eligibility route pagination request lifecycle.	Make eligibility pagination part of the route request owner, keyed by target/stage/anchor, so route changes replace the page stream and cancel its continuation.	Cleanup aborts only the pagination controller; ensure it remains paired with the matching route identity.	—
E048	OPEN	External query/subscription	ui/packages/loom-ui/src/features/ExplorerBuilder/constructionOperations/RelatedEligibilityEditor.tsx	173	ui/packages/loom-ui/src/features/ExplorerBuilder/constructionOperations/RelatedEligibilityEditor.tsx:173	Search server-authorized related-record paths for the selected resource type and anchor.	RelatedEligibility route query hook.	Search authorized eligibility paths through a route-keyed query owner; keep output/snapshot/draft/route checks at the response boundary.	Request version and output/snapshot/draft/route checks reject stale paths; RelatedEligibilityEditor.unit.test.tsx:48-72 asserts server-issued route use.	—
E049	OPEN	External query/subscription	ui/packages/loom-ui/src/features/ExplorerBuilder/constructionOperations/RelatedExpandContributorEditor.tsx	93	ui/packages/loom-ui/src/features/ExplorerBuilder/constructionOperations/RelatedExpandContributorEditor.tsx:93	Abort contributor-condition pagination when routeChoiceId changes.	Contributor field-page request lifecycle.	Make contributor-field pagination part of the routeChoiceId-keyed query owner so continuation pages cannot cross related-resource routes.	Cleanup is route-keyed; stale continuation could append choices from a previous related resource.	—
E050	OPEN	External query/subscription	ui/packages/loom-ui/src/features/ExplorerBuilder/constructionOperations/RelatedExpandContributorEditor.tsx	94	ui/packages/loom-ui/src/features/ExplorerBuilder/constructionOperations/RelatedExpandContributorEditor.tsx:94	Debounce and search contributor fields for the current route and condition mode.	Related contributor query hook keyed by route/query/draft.	Move debounce and contributor search to a route/query/draft-keyed query owner; keep repeated-source capability filtering and field-list errors in the returned state.	Version and response identity are checked; error is mapped for users; filter allows repeated sources only when capability says so.	—
E051	OPEN	External query/subscription	ui/packages/loom-ui/src/features/ExplorerBuilder/constructionOperations/RelatedExpandEditor.tsx	221	ui/packages/loom-ui/src/features/ExplorerBuilder/constructionOperations/RelatedExpandEditor.tsx:221	Load all server-authorized related-expand routes, paging until complete.	RelatedExpand route query hook.	Load related-expand routes in a request owner keyed by exact request identity; preserve abort/version checks, request matching, and repeated-cursor detection.	Abort/version checks, exact request matching, and repeated-cursor detection prevent stale or infinite pagination; RelatedExpandEditor.unit.test.tsx:130-164, 659-706, 788-830.	—
E052	OPEN	External query/subscription	ui/packages/loom-ui/src/features/ExplorerBuilder/constructionOperations/RelatedFieldEditor.tsx	128	ui/packages/loom-ui/src/features/ExplorerBuilder/constructionOperations/RelatedFieldEditor.tsx:128	Abort related-field pagination when active stage changes.	Related-field page request lifecycle.	Make related-field pagination part of the active-stage keyed query owner and retain stage identity in every page request.	Cleanup releases moreController; ensure stage identity stays part of the page request key.	—
E053	OPEN	External query/subscription	ui/packages/loom-ui/src/features/ExplorerBuilder/constructionOperations/RelatedFieldEditor.tsx	129	ui/packages/loom-ui/src/features/ExplorerBuilder/constructionOperations/RelatedFieldEditor.tsx:129	Debounce and search fields on the active related record.	Related-field query hook keyed by stage/record/query.	Search related fields through a stage/record/query-keyed query owner; keep snapshot/draft and target-node/resource checks before publishing results.	Request version and snapshot/draft checks fence stale data; result is further filtered to the active target node/resource.	—
E054	OPEN	External query/subscription	ui/packages/loom-ui/src/features/ExplorerBuilder/constructionWorkspace/FrameSourcePanel.tsx	85	ui/packages/loom-ui/src/features/ExplorerBuilder/constructionWorkspace/FrameSourcePanel.tsx:85	Load coded-value inventory pages for the active frame and query.	Frame categories query hook keyed by frame/query/cursor.	Load frame inventory through a frame/query/cursor-keyed query owner and accept only complete pages for the active frame.	Checks returned frame ID and complete state and aborts on change; wrong-frame results are surfaced as errors.	—
E055	OPEN	Props-sync	ui/packages/loom-ui/src/features/ExplorerBuilder/constructionWorkspace/FrameSourcePanel.tsx	231	ui/packages/loom-ui/src/features/ExplorerBuilder/constructionWorkspace/FrameSourcePanel.tsx:231	Detect newly added frame IDs and auto-open the new frame.	Frame-add user action should set openFrame directly; retain previous IDs only for external hydration if needed.	Set openFrame in the frame-add command that creates a frame; use an explicit hydration command for externally loaded frame lists instead of inferring additions from prop differences.	Difference is inferred from a ref after props change; reordering/remounting can be mistaken for a user add.	—
E056	OPEN	External query/subscription	ui/packages/loom-ui/src/features/ExplorerBuilder/constructionWorkspace/FrameSourcePanel.tsx	237	ui/packages/loom-ui/src/features/ExplorerBuilder/constructionWorkspace/FrameSourcePanel.tsx:237	Browse and page frame-source options for current output/snapshot/query.	Frame source options query hook.	Load frame-source options through an output/snapshot/query-keyed query owner; make cursor append versus first-page replace part of the request identity.	Checks output and snapshot and aborts old requests; append-vs-replace is keyed on cursor.	—
E057	OPEN	External query/subscription	ui/packages/loom-ui/src/features/ExplorerBuilder/constructionWorkspace/PairedColumnSuggestions.tsx	76	ui/packages/loom-ui/src/features/ExplorerBuilder/constructionWorkspace/PairedColumnSuggestions.tsx:76	Load semantic inventory, fan out bounded construction-choice searches, and publish paired suggestions.	Existing PairedColumnSuggestions hook/query owner.	Move inventory and bounded candidate searches to the paired-suggestion query owner keyed by output/snapshot; preserve cancellation and candidate identity checks.	Requests are aborted on context changes and choices are checked against output/snapshot; per-candidate errors are intentionally collapsed to no suggestion.	—
E058	OPEN	External query/subscription	ui/packages/loom-ui/src/features/ExplorerBuilder/constructionWorkspace/useConstructionLifecycle.ts	123	ui/packages/loom-ui/src/features/ExplorerBuilder/constructionWorkspace/useConstructionLifecycle.ts:123	Load construction capabilities keyed by the exact request identity.	Existing useConstructionLifecycle capability loader.	Keep capability loading in a keyed request owner and expose the current snapshot/draft/output/stage result through its subscribed state.	Aborts the previous controller and verifies snapshot/draft/output/stage on response; useConstructionLifecycle.unit.test.tsx:133-260 protects proposal freshness.	—
E059	OPEN	Props-sync	ui/packages/loom-ui/src/features/ExplorerBuilder/constructionWorkspace/useConstructionLifecycle.ts	169	ui/packages/loom-ui/src/features/ExplorerBuilder/constructionWorkspace/useConstructionLifecycle.ts:169	Invalidate Pivot discovery and clear discovery load state on request-key changes/unmount.	useConstructionLifecycle request-key reducer/invalidation path.	Make discovery invalidation a single idempotent request-key transition in the lifecycle state machine; ensure an old cleanup cannot invalidate a newer request.	The same invalidator runs on setup and cleanup; it must be idempotent and must not erase a newer request.	—
E060	OPEN	Props-sync	ui/packages/loom-ui/src/features/ExplorerBuilder/constructionWorkspace/useConstructionLifecycle.ts	185	ui/packages/loom-ui/src/features/ExplorerBuilder/constructionWorkspace/useConstructionLifecycle.ts:185	Invalidate proposal request, clear candidate intent, and reset proposal load state on request-key changes/unmount.	useConstructionLifecycle request-key reducer/invalidation path.	Make proposal invalidation and candidate clearing one idempotent lifecycle transition keyed by request identity; preserve superseded-proposal coverage.	The same invalidator runs on setup and cleanup; useConstructionLifecycle.unit.test.tsx:195-260 tests superseded proposals.	—
E061	OPEN	External query/subscription	ui/packages/loom-ui/src/features/ExplorerBuilder/hooks/useDirtyBeforeUnload.ts	5	ui/packages/loom-ui/src/features/ExplorerBuilder/hooks/useDirtyBeforeUnload.ts:5	Install beforeunload warning while Builder is dirty.	Existing useDirtyBeforeUnload browser-lifecycle hook.	Move dirty-state beforeunload ownership to the application event/lifecycle service, driven by dirty-state changes; preserve listener identity and disposal.	Adds/removes the same window listener based on dirty; listener identity and cleanup matter on unmount.	—
E062	OPEN	External query/subscription	ui/packages/loom-ui/src/features/ExplorerBuilder/hooks/useDismissibleLayer.ts	9	ui/packages/loom-ui/src/features/ExplorerBuilder/hooks/useDismissibleLayer.ts:9	Dismiss an open layer on outside pointerdown or Escape.	Existing useDismissibleLayer hook.	Own outside-pointer and Escape dismissal in one layered event coordinator with explicit open-layer ordering; expose its state to the view without per-render document-listener effects.	Registers two document listeners only while open and removes both on cleanup; nested dialogs can compete for dismissal.	—
E063	OPEN	External query/subscription	ui/packages/loom-ui/src/features/ExplorerBuilder/hooks/useEscapeToClose.ts	7	ui/packages/loom-ui/src/features/ExplorerBuilder/hooks/useEscapeToClose.ts:7	Close an open layer on Escape.	Existing useEscapeToClose hook.	Route Escape through the same layered event coordinator as outside-pointer dismissal so one key event cannot close overlapping layers twice.	Registers/removes a window keydown listener; overlapping with useDismissibleLayer may process the same Escape twice.	—
E064	OPEN	Render-derived	ui/packages/loom-ui/src/features/ExplorerBuilder/hooks/useGraphLayout.ts	23	ui/packages/loom-ui/src/features/ExplorerBuilder/hooks/useGraphLayout.ts:23	Compute graph layout positions from graph nodes and edges.	Pure layout selector/cache (or explicit worker keyed by graph identity).	Compute graph positions with a pure layout selector/cache keyed by graph identity; if computation moves off-thread, publish a keyed result and discard obsolete results.	Uses an active flag to ignore stale async results; graphLayout.unit.test.ts exercises deterministic layout output.	—
E065	OPEN	External query/subscription	ui/packages/loom-ui/src/features/ExplorerBuilder/hooks/useGraphViewportFitter.ts	19	ui/packages/loom-ui/src/features/ExplorerBuilder/hooks/useGraphViewportFitter.ts:19	Fit graph viewport after nodes/viewport initialize and on host resize.	Existing useGraphViewportFitter browser-layout hook with ResizeObserver and RAF ownership.	Attach ResizeObserver and viewport fitting through the graph-host callback ref; let the viewport owner coalesce frames and cancel RAF/observer work on detach.	Cancels both animation frames and disconnects observer; a layout-effect swap alone would not preserve resize/timing semantics.	—
E066	OPEN	External query/subscription	ui/packages/loom-ui/src/features/ExplorerBuilder/hooks/usePortalHost.ts	7	ui/packages/loom-ui/src/features/ExplorerBuilder/hooks/usePortalHost.ts:7	Find the requested portal host and observe DOM mutations until it appears.	Existing usePortalHost DOM observer hook / portal-host ref owner.	Resolve the portal host through a host registry/external store; connect the MutationObserver to the portal-root lifecycle and dispose it when the requested host changes.	MutationObserver watches document.body and disconnects on ID change/unmount; SSR guards document access.	—
E067	OPEN	External query/subscription	ui/packages/loom-ui/src/features/ExplorerBuilder/hooks/useTraversalOverflow.ts	10	ui/packages/loom-ui/src/features/ExplorerBuilder/hooks/useTraversalOverflow.ts:10	Measure traversal-label overflow on initial mount and host resize.	Existing useTraversalOverflow browser-measurement hook.	Measure overflow from a label-host callback ref using ResizeObserver and publish the measurement as external layout state; retain observer disposal on host change.	DOM widths are external layout data; ResizeObserver cleanup is required and cannot become ordinary render-derived state.	—
E068	CLOSED	External query/subscription	ui/packages/loom-ui/src/features/ExplorerBuilder/useAutomaticPreview.ts	41	ui/packages/loom-ui/src/features/ExplorerBuilder/useAutomaticPreview.ts:14	Automatic preview uses a request-keyed query owner that reuses settled same-key work and cancels superseded work.	useAutomaticPreview backed by useKeyedQuery/useQuery resource ownership.	CLOSED: Keep automatic-preview execution, settled-result reuse, cancellation, and explicit reload in the keyed query owner.	useAutomaticPreview.ts:41-60 delegates to useKeyedQuery; react.tsx:141-145 keys it by request identity. useAutomaticPreview.unit.test.tsx:24-89 covers settled reuse, supersession/cancellation, same-key retry, and explicit reload.	The useEffect callsite is absent from useAutomaticPreview.ts. The replacement query at :41 is keyed by request?.key; resourceFor at react.tsx:75-92 fences and aborts superseded loads, and :104-113 aborts on last unsubscribe. useAutomaticPreview.unit.test.tsx:24-89 covers same-key reuse, cancellation/retry, and reload. Registered first-table and Recompile browser cases were reported green on source fingerprint 2d9d34eab308a7951979cd6ee48ae06548bad9fb4655322c6bf1c1de31de9bc3.
E069	OPEN	useLayoutEffect state synchronization	ui/packages/loom-ui/src/features/ExplorerBuilder/components/TableShapeEditor.tsx	90	Introduced as a useLayoutEffect by f48188b58 (2026-10-03); previous passive-effect implementation immediately preceded it.	Reset table-shape form and category-discovery state when savedProposalKey changes, before paint.	TableShapeEditor saved-proposal state owner keyed by savedProposalKey.	Replace the prop-to-local-state reset with draft state owned by the saved-proposal identity (key/remount or explicit proposal-change transition); keep pending discovery cancellation tied to that identity. Do not switch back to useEffect or retain this layout effect as a workaround.	git show f48188b58: “Preserve early table-shape selections during editor initialization” changed this reset from useEffect to useLayoutEffect. TableShapeEditor.unit.test.tsx:319-360 protects an early reshape choice during mount.	—
E070	OPEN	useLayoutEffect state synchronization	ui/packages/loom-ui/src/features/ExplorerBuilder/constructionOperations/ConstructionReshapeEditor.tsx	1482	Introduced as a useLayoutEffect by cf30b9167 (2026-10-03); previous passive-effect implementation immediately preceded it.	Reset reshape form/context and contract availability when contextKey changes, and publish the initial candidate intent.	ConstructionReshapeEditor context-keyed draft owner and the operation-selection command owner.	Key reshape draft state by contextKey and move initial candidate publication into the owning context/selection transition; remove the layout-phase prop synchronization while preserving editor-context reset behavior. Do not replace it with useEffect.	git show cf30b9167: “Initialize reshape context before native operation selection” changed this transition from useEffect to useLayoutEffect. ConstructionReshapeLifecycle.unit.test.tsx:211-240 asserts that context changes reset the selected operation.	—
